mfcc_dist,pitch_diff,formant_diff,duration_diff,intensity_diff,score
0.35367665723356584,0.3847735905736189,0.20750641932313021,0.5959147642477727,0.1388325306523651,0.6511019504362583
0.2485580660782393,0.23154854976608477,0.3666008861979634,0.21027701286179848,0.3101570125766353,0.7320572666444045
0.4159590873381714,0.23786919937584425,0.21472633340287525,0.5094598025621345,0.4152147157377789,0.6762217304511171
0.15996757580999196,0.2040041905022354,0.22369397565113974,0.47764959178571154,0.18866631041439125,0.8164985316036262
0.5502830780616322,0.41915853582091644,0.21510735130049946,0.33280622609415944,0.24525829963301754,0.5785198262561146
0.11094528759339801,0.18797968822767502,0.3967467696076342,0.17092633883056427,0.11599978594325912,0.8104443169958181
0.5098966417920571,0.24432428860511557,0.13755557793917875,0.3260360607396368,0.36203691274322214,0.6366803850130809
0.17727037947274454,0.3970802845779711,0.20443742157602793,0.0379340798349198,0.11367920036154423,0.7470476132082583
0.19829047191334442,0.22078531761749004,0.6425903683606577,0.21147444416040018,0.33452870878938334,0.73012778725057
0.37623678821354994,0.07705042322834559,0.4042513948233303,0.2761147736824471,0.07849376836632894,0.7667173611948015
0.7844212466961598,0.81607783400066,0.8510474727128046,0.7610175903211559,0.7099628239099489,0.07439924032937299
0.08476376294265023,0.3046329519476903,0.31958675214274634,0.19432524786661984,0.08986542700837671,0.7973576544591194
0.3579287927839609,0.38810956978868133,0.15129222160990785,0.15160543949147812,0.00977031362304874,0.6878277668527591
0.2733207739503824,0.38279389831293276,0.670423315541997,0.1324466376193613,0.12765215367790592,0.6419868866142613
0.13437614109485027,0.42720346022185285,0.1225816607306237,0.5477470801066704,0.6751543536695164,0.7007957936991561
0.35325485000480755,0.12433201768324816,0.13627982368439778,0.526775239656246,0.3784066208591745,0.7487746411883052
0.13279012143275798,0.0932996632793853,0.3773196881583593,0.222085270437764,0.4684497766792797,0.8433696229984365
0.7174276688432429,0.9582550315362073,0.8163536541013721,0.8239329840873604,0.9955979607865795,0.18958831137958784
0.1658104012585459,0.32212773081969487,0.511584083626847,0.3387027640871097,0.2975228994832947,0.7075746134335347
0.0387106181167978,0.0939018829234704,0.06099319242120347,0.06665654573594722,0.0014509647545037252,0.9348571105204647
0.26340848808284784,0.32390163923628956,0.49819215747386936,0.20076358897150645,0.17822044489300842,0.7095596327567811
0.020194342039256276,0.02231347298804688,0.012216308083431049,0.09371640094786456,0.045101574631637935,0.9829233668119882
0.8824081276044151,0.97257579314925,0.7723190555895928,0.9735649978768377,0.8237190165593645,0.201229969645208
0.8658706831264331,0.8612460663900982,0.8761432792123987,0.9705049086348401,0.8165058807796883,0.2820971487535239
0.203313881265596,0.18379395584475328,0.4057130031385227,0.3362956981193014,0.2198153227825336,0.7810321485995324
0.18387687608823067,0.5524445878734532,0.06085023381876421,0.1347047888684138,0.6948362585674053,0.6675680150972896
0.36782408723548077,0.08485274740503805,0.3987983792989431,0.1905144660997315,0.3277471243148822,0.7329645762007129
0.20209676646387698,0.37309638445250687,0.35241380518170606,0.29180356463274604,0.22067002855741916,0.6912586458123624
0.18633950452881945,0.27018494321410325,0.3761575603916306,0.5326972599828486,0.09156252794477072,0.7293028930380749
0.2835202997539891,0.10732848282315356,0.1792291073063215,0.24054617277914944,0.2585035395742395,0.7973254367688376
0.10039930306621214,0.44611022360912533,0.5210868024465314,0.266958613469862,0.14113670711465698,0.7107021013483931
0.20772938916523406,0.31263942862961386,0.08340996552147698,0.1287570117640069,0.09488685320202442,0.7824546232422439
0.3096377073595142,0.07413978050904986,0.32194647797841247,0.2650788754871514,0.47955829983330583,0.7479541375195073
0.04184749611500469,0.03710935519247639,0.0698976578900239,0.02954498081564917,0.04373219655819948,0.908802013090544
0.12457921344554526,0.18307929039433812,0.12962164113869018,0.2532577214178077,0.3593803514413815,0.83464916543192
0.21100332015818626,0.5372939560911973,0.05752242006013046,0.059123776010873645,0.27048750346737954,0.6809943851305762
0.3581887554246956,0.40832378767989214,0.5823590309336558,0.27996912310796174,0.19890955706167673,0.6092184723894536
0.6522422663601021,0.30150941761351546,0.4262947045624305,0.148288474551071,0.1928531996864055,0.5475611270652536
0.05818784988349394,0.05903138263753435,0.07193931214190745,0.003754108514615917,0.017326202594111884,0.9883225126713838
0.0694242954698856,0.54342060898865,0.250324034694348,0.1362879342197515,0.4721562235658095,0.6980375897298051
0.8258502716078937,0.9004608941727128,0.9236424025253313,0.9031808282126569,0.7973887155588156,0.20560270131122302
0.1744335165862888,0.0364518523866052,0.28069039865069256,0.15157971428028297,0.21647963466680892,0.8606416520078362
0.5434537469656785,0.300411123422785,0.4364225952550375,0.3474544711940061,0.6050657279735583,0.5573771266160089
0.061653913446673224,0.3569831083139295,0.275512803994049,0.26368121373257264,0.42841262363824906,0.7754092735371664
0.23568650663126414,0.17224087301411908,0.13276869439105518,0.23840280557059207,0.10796833757162015,0.7970898899483999
0.31329412667520323,0.20795118226096937,0.1260218027974379,0.16521180802496827,0.5678253447480206,0.729175089041926
0.15258331470398612,0.27088766991001095,0.5119536065957372,0.515207241282006,0.4195022721386305,0.7275059584044804
0.38688633601837824,0.04194774751904856,0.08186209382781556,0.5695434965693256,0.1833481375510805,0.7901627189544564
0.4845897602554896,0.48193529361030685,0.3914892077214656,0.3051095363205447,0.4463145028447369,0.5364400020910384
0.09593877797328496,0.26960042286556285,0.18507090330671436,0.30702095214173125,0.32383592307474157,0.8147559166356892
0.033319000069929765,0.00984963064397154,0.03626681087303365,0.0704080270027243,0.05377044539786631,0.953342049090334
0.29837284269070247,0.4688335591908051,0.3980406725925714,0.2614514886312482,0.19107462693479346,0.6231881856638077
0.2237663665214278,0.2541619893693439,0.35912542514021806,0.2622552006896864,0.37208344965675544,0.7425455816635951
0.1642916485213648,0.13877425576752234,0.25676760211170285,0.1323653960199932,0.2390923857922203,0.8455013751738281
0.9249103238720082,0.8229213259461988,0.8586451694344618,0.9730961315421454,0.9539521122395085,0.09079380395921491
0.09832146075036968,0.45820602434306884,0.5680237657713978,0.31806187963606963,0.2003166814074748,0.6970692638427711
0.179247512983417,0.10640682124217354,0.28525837651233243,0.35749862994905357,0.23357945711146666,0.8186400080810793
0.34301873259799726,0.10093206898383483,0.2238921685324218,0.2713443844166428,0.31061506453400034,0.7686774573286749
0.2746698380360602,0.49698915383818526,0.11238740500422803,0.364614565060523,0.1193163338790854,0.6533204691380414
0.8580105012247135,0.7623210652725656,0.7849281796771576,0.8338010812456448,0.8084257439552548,0.019157874705897814
0.13272443189522465,0.30719488333279055,0.40210256630249896,0.3851083512784966,0.04717830974531756,0.7583728999011841
0.4006430877209991,0.22967342138208813,0.22122162774047188,0.16167129968598337,0.6693825792235307,0.6863534346051313
0.32259603850098684,0.4628837200078556,0.011391517907418176,0.4407837203350673,0.16740055597164902,0.6580711808320098
0.2923618255131976,0.15731488468909344,0.17036248133893783,0.20859799735290474,0.39368592285557397,0.7650881971028742
0.11357697325263676,0.1532323238045852,0.4506898142298487,0.3591162963879335,0.271423749029406,0.8126554451346687
0.018191429373910717,0.09627484701962695,0.07986087617780334,0.01726514752143644,0.030509426115098673,0.9323605801857399
0.16999587395941756,0.149553568239941,0.19085317008402675,0.13067979426414056,0.18800774221445038,0.8555452886892101
0.8014732049023443,0.22582571868089082,0.6533477364560135,0.5419772587763343,0.265602687592787,0.4707943319768391
0.13177062408757453,0.7948839089703768,0.10726959542568475,0.2444258528189647,0.1869254645081614,0.6022970065544708
0.12549965919150205,0.31524460670736754,0.09086855303738015,0.30149830817985107,0.24304919335976108,0.7995291165695245
0.3370138954716539,0.3685319696129212,0.08220183571892545,0.41812760129943427,0.26992389194377264,0.6761147703912957
0.029513954636117248,0.0032745754523347604,0.0648693588935139,0.05240852604876936,0.020615914482863908,0.9921228412540608
0.15937752033309405,0.36187376810334265,0.37585818767644147,0.4799896790956086,0.7250445911322113,0.693137658476475
0.2615158445906097,0.23806837052604987,0.18454882762872996,0.1833180022605081,0.10220396684661529,0.7577630753880906
0.2491194021961276,0.20420580841266806,0.23962858971104792,0.17719953122516102,0.2822869361453516,0.7667046462060052
0.0685869246308145,0.5050040708327036,0.05650952575159541,0.24473950367693934,0.3838314457292997,0.737337841461936
0.45950640724990544,0.4198707864938515,0.5110978257222417,0.4901551520725705,0.4097023506822471,0.5515413194718753
0.5414781386117564,0.1848673399341691,0.45849358454208977,0.6106554271993045,0.12931786966613137,0.628573878016198
0.26059606181093153,0.3446433197370657,0.22675563779608848,0.37410604661027724,0.21964914443182543,0.6938483586230599
0.06753590748378506,0.5555536043507401,0.22562377234826692,0.04653871717130287,0.2807257045075378,0.705729057498456
0.04676883497272682,0.6206594596247637,0.26838498760074603,0.5922909946757082,0.20005229662563406,0.6727032824996769
0.12713147658095109,0.3326109293853477,0.3078664808493635,0.349566172754426,0.2678852188911653,0.7376951763107502
0.3265987258278122,0.4655578011923071,0.28792132443850704,0.2131700512380738,0.552052784406938,0.6028208473139092
0.11912486541113898,0.38774042090762295,0.30687823626572003,0.2639940843466384,0.4782794534604537,0.7263965262183606
0.10776704550146234,0.2838027171456893,0.23702138905286882,0.30398148839428596,0.4350282909969287,0.7775448951154877
0.08868729054172443,0.0131178145519945,0.0897501513601738,0.09877606242498838,0.05023158075981346,0.9377550928664244
0.21935449118475614,0.3606903214452604,0.30964296494635457,0.46781753053016806,0.21568254512413326,0.6788950547399053
0.8097713169681321,0.865839902464936,0.7047767549541589,0.7582952270893674,0.9999306894617082,0.23530421858864825
0.403730071467841,0.3709464413376127,0.27847167701119957,0.2822417683162709,0.3585045597422398,0.6439544701186319
0.18412892169781056,0.174630537726529,0.08133402274982807,0.12659810687904863,0.2970554858578619,0.8304502579012628
0.23447365948588197,0.3656360562780008,0.21146811847078245,0.4999283641215229,0.4398086206975376,0.6764855942723372
0.175068748991844,0.15573460616986673,0.1540667136247986,0.43822762832800616,0.1654453571496797,0.8463640402985898
0.9440862148645957,0.8712626297904688,0.8241199064028096,0.9963048733207392,0.9427882085563974,0.04021180662189289
0.238699744225137,0.5411885797368532,0.29148660917106634,0.3129392012560667,0.2414309252095454,0.6068356827726186
0.32579561073076047,0.33350088411195233,0.16663293863730785,0.5413144706176757,0.5277242144486495,0.6742866584084131
0.4434878606676832,0.11605761118979938,0.1818853063983567,0.41784445079436594,0.0942131793631213,0.7243082161903893
0.3855671372233749,0.28270255620596996,0.3356170463913619,0.24557915749327608,0.5072255471579934,0.6802013410077166
0.09615258168656671,0.3202449016408759,0.3233276905158186,0.2221683100807244,0.1603213802185099,0.7892002590797015
0.2089847738799713,0.3727884423006114,0.2620255585255244,0.30342215396554595,0.3332080388859563,0.7305675413247493
0.16619623428044838,0.46293765041442997,0.3524620669957382,0.5863477778773634,0.4422605937079796,0.6511360521810384
0.22721487350505115,0.30685237668604837,0.4731338002440819,0.18214878636288054,0.4311124838637329,0.7211765441573705
0.47592049646427265,0.16341578506865345,0.15306601949536416,0.425387002996058,0.39551698418688946,0.6797813388892548
0.012805735506875183,0.07495284033840996,0.0039722214490941375,0.06322834445352843,0.08435223711439643,0.9184584667027079
0.9347776228347384,0.9331350744464315,0.8982284123332015,0.7770656466625583,0.8004895064475736,0.2947988161499784
0.005619765428730417,0.08464445975349495,0.04091998643762307,0.0866453850019428,0.04235659161791849,0.96682394928519
0.19658545353951162,0.21201952769077337,0.35698119404231043,0.3715737059553359,0.1475560723630411,0.7830022598132287
0.15450740124203077,0.17591720072213005,0.3878332572193164,0.4250621300295692,0.26395953365729935,0.7899470108163227
0.3024753876496196,0.17816691055291842,0.3090476003389045,0.1713341717879344,0.3984658202756843,0.7592348428594715
0.2628503990216566,0.18500932622098668,0.1711079230177224,0.5191446272552441,0.3580300758716277,0.7589668439956571
0.17838548982713634,0.2872224558534371,0.029563885016189895,0.4364514698705164,0.4672583795843952,0.7725505333347074
0.07140336869412171,0.244077624744839,0.10365916735120884,0.25453568884665656,0.23303741069710507,0.8420196003468443
0.7715935034589869,0.7749731142118556,0.9660724265668781,0.8035370655467196,0.9591847662958977,0.2365433540142847
0.16500239921085022,0.5070846832395546,0.3345547325268665,0.028563271431746997,0.17044083322070308,0.6745233720459353
0.6463769483914986,0.4574986724481241,0.5242749594316649,0.567387956345927,0.3773431866180761,0.4588131010687738
0.5031230845032987,0.20267801089675044,0.13207491840823563,0.07383096417821217,0.1280317934241039,0.6876287647180483
0.40864698504559716,0.27088059251508484,0.2946150398388902,0.1432862182998745,0.33041468743746766,0.6627411964641354
0.006594979933996848,0.043971976882150134,0.014981657296976049,0.005447663903801881,0.06643144781887336,0.9503811024583795
0.4808171104256128,0.21260934820701644,0.14602181509801718,0.31253877442583183,0.4703854591655656,0.6625723788535105
0.45015277145501226,0.017791437165485813,0.39610381201979444,0.08664386200952305,0.5830265072787735,0.7216759814583226
0.31485465592718676,0.21266938294373128,0.46021184218076167,0.38421096428499035,0.2183365861390073,0.7128642046642022
0.3458306244455384,0.3617735658739731,0.3032311554815369,0.2849868127262505,0.3161065673746864,0.6550603814384193
0.5386521682270735,0.22923178351761772,0.3731490050332062,0.06927587913738027,0.2086790112531523,0.6410162956857325
0.30617217969438143,0.23828607842092847,0.2973387512609651,0.29075507976753845,0.25880737701541257,0.7243756800581813
0.14558813424442504,0.43911062365213016,0.25308795894319397,0.18049622791757364,0.2885689182309108,0.7072983656692217
0.4518857472364912,0.324077488541341,0.4932679853867963,0.3975919912718772,0.31009289016030356,0.6009105293732777
0.35993742481792457,0.15635726196781882,0.11418559314261933,0.11718204508607231,0.1542068422567272,0.7788867344639744
0.06190643377169209,0.3922074447459127,0.12087927754925451,0.21547831314518484,0.5422246399669098,0.7769310708664335
0.00863516613205605,0.056669928605968645,0.08110493859689927,0.011362674478939794,0.018410570611789256,0.9883688737824714
0.19208246644942936,0.602107206748992,0.33210678173536007,0.32447114702701546,0.10345417617861098,0.6335688997482595
0.5199092769591175,0.2547529986376896,0.3711191472902074,0.1733672772372511,0.41093036343040945,0.6247386841226472
0.22019437403991562,0.11757099516942705,0.2731157307135312,0.5186913884455986,0.5455254999663212,0.7810740456765466
0.13772023575141254,0.1758669119258064,0.32056616566484686,0.418800743422792,0.3187471570400831,0.8180976867522832
0.05845955408466744,0.023842927053632303,0.0571613267794398,0.06819140672017636,0.03977047049557508,0.9713239233554548
0.1588460545173127,0.47715251249524276,0.19951465974471974,0.5796322442186058,0.38653644640370255,0.6804059724558065
0.059689475270839516,0.20132766670773308,0.22221223055170608,0.04302918538963834,0.33521441289771375,0.8378256169300992
0.34081565965226834,0.10506157212915405,0.12128873824757279,0.40582554327014314,0.2165412908227118,0.782006969262636
0.022612197118871715,0.043402934865482336,0.04007226582459217,0.09586249617677918,0.01633096417397678,0.901295071761298
0.9376872920503228,0.7174753397244612,0.7690233418058975,0.9296678385443635,0.7569519592262379,0.2516837064722961
0.7813490262673872,0.745441356691255,0.9661615664570742,0.9321420578650901,0.737455563115099,0.23860917474123783
0.40649018963913885,0.22102250805580095,0.3535879445183601,0.34429222460129416,0.31383009297828834,0.6585448448679747
0.9824177048512481,0.9923109328416582,0.7568857710099495,0.8367366632047684,0.9101828447000684,0.046682366755017024
0.18134288505174043,0.4147605023306233,0.21720144532201419,0.3994778361869812,0.1256159504652507,0.7218850038688924
0.11034442080402906,0.2506060401001621,0.27014896323678717,0.47032262398061847,0.14846344520779567,0.7987115484158798
0.01750247228977535,0.029396218121127318,0.08470898195975807,0.08207143500914504,0.017754776904012337,0.9224781635090059
0.3893738659278771,0.057470115233799336,0.11169917396236664,0.11041405087327502,0.5114719194304901,0.7653190427391967
0.06317543561200305,0.08012727971394673,0.02140749097624003,0.0027702668758005757,0.06164981049363501,0.9404347790216141
0.17057746068742893,0.4871259736927597,0.29314326194894863,0.1726236523218788,0.3468767347385816,0.6862361776670483
0.9590737708687938,0.9696367370836989,0.7008794990189555,0.9424021805129779,0.7851528343794667,0.15916007730377432
0.20636937130196562,0.1881101007522715,0.14454531199619536,0.3370502342575562,0.03295955545652701,0.8081773671569136
0.06586459546227771,0.04172318588658785,0.02346342142453275,0.044197965184096404,0.04236943145607719,0.9534798433273113
0.316899984774653,0.14414643419034595,0.49564451432035406,0.36381381948355446,0.5657156336973649,0.710765582053503
0.03814853944783208,0.007239133214365024,0.06636558469288996,0.022091245485479527,0.011655180931093245,0.9028566000047051
0.21708374305025172,0.17421239774138444,0.29042449538934195,0.32784131515444076,0.3359085870934754,0.7763380574778449
0.1363792431986001,0.16349890804070852,0.2500423027026276,0.7627416024929025,0.36088079918032295,0.7856084313414367
0.06373493040686784,0.10412103245534904,0.27724722682974867,0.2888085050626862,0.6203468851597354,0.8610367654681476
0.8918088019397226,0.9581945426405112,0.8825042525231317,0.8600464566137995,0.8754203821723776,0.12472850756174914
0.06480787958111967,0.05964138072159624,0.021618206254655128,7.443148890811102e-05,0.04987450225114361,0.9445476685390556
0.485750585203021,0.19427256987064126,0.018559194990823653,0.3549427321635923,0.2017300965022643,0.690195055579659
0.2231288814404552,0.3706607601227964,0.4305593844079632,0.22432904211507168,0.27419390703806196,0.6941379594734739
0.37344884728495387,0.26714176321463384,0.42187417120921517,0.18708708621138168,0.05359689167571626,0.6881959343799264
0.09460684574003092,0.004150583987591883,0.07115250261624455,0.005506901406597576,0.08635645323432428,0.9062548373235415
0.05990328528211694,0.06181350117282778,0.05117540861927833,0.02747300358262692,0.020981892692856097,0.9585982014023615
0.3584957567261279,0.2745845282196118,0.600652690358533,0.4291332675122205,0.4017333975177021,0.6321105029935855
0.36884852544610003,0.18097731996695146,0.20516193023328408,0.1871711293816978,0.09783445856778723,0.7501680176483774
0.43385584819172346,0.39132830918221145,0.39316167026185883,0.16564270698343314,0.20149342836317952,0.6175645782686194
0.05932432661715326,0.37926599193446736,0.5093557395510131,0.08800623237817382,0.06674992015894887,0.7638854471642941
0.15373830274583952,0.29652571754562623,0.17497339693601519,0.5397808648939341,0.3336911154303729,0.74609423825582
0.690927168796683,0.3526147575112777,0.08091027882447192,0.2972410711403488,0.5670908830477429,0.5383298969110628
0.025804350168843804,0.02541959961471495,0.033988242524316085,0.05075536294021116,0.06125592456702794,0.9925681007025086
0.8570780882560488,0.7618802158207336,0.8249637170035503,0.9979729646730457,0.8724259910243539,0.17506165784510566
0.2715695031402613,0.1821569819938059,0.30326156606219973,0.1643293859287698,0.16643546835245732,0.7836089093602105
0.3219105263709601,0.5261826701604474,0.18361089758753843,0.38233474830308184,0.19497657268458995,0.6135764048703733
0.48209428949031524,0.124777547929926,0.206127813040812,0.0007225889464269,0.16070853644330718,0.7427863006402629
0.7797396991603611,0.7395686449082929,0.72277169497258,0.849170491963577,0.989368852916199,0.18719277729114459
0.4916099383257625,0.28578641062653054,0.27335101228745207,0.1077249513411438,0.11904201663049103,0.6501324463372707
0.18417297086710416,0.26210906425601715,0.5379673364632739,0.22479508114733213,0.3949580423149597,0.7408764097400337
0.010270263927102997,0.019596108277628966,0.060818332780765594,0.012637321266332137,0.03796834700992066,0.955191787006327
0.43832440071116074,0.21664215830146583,0.07133548804416762,0.40268534663030003,0.38855249122007024,0.6750826745596143
0.22019917819165558,0.2806081650503514,0.1552688132796024,0.34786890929026365,0.08734975130204978,0.7648965410759486
0.1272898020531447,0.3466370552987023,0.1799911722762974,0.14426160612648925,0.05995676389602749,0.7675563261190015
0.5623099425360222,0.29428594709795913,0.4371323340471214,0.11906138519134415,0.5254237641630171,0.6023549454729386
0.1351692568264888,0.3114475008804538,0.626118042934953,0.12468652772300273,0.28271805226936186,0.7497561492880649
0.18926525270317185,0.167090865294795,0.10852878923336093,0.20283143939747952,0.34973930300855705,0.8174604080753327
0.2788522124309327,0.10411726646726938,0.346655405532344,0.044014009299458756,0.40849646509686427,0.8161941054411855
0.2584988688589334,0.19708533475315376,0.38461278705958507,0.07477802006887488,0.03583754073968254,0.7674709137748885
0.07870947803836222,0.09030653068405761,0.06693774650554093,0.018993231149983216,0.08442604666817924,0.9683083996944918
0.3902904125361203,0.2894650765385653,0.14855626477620015,0.0705122872076329,0.12415142644403501,0.6994636819273204
0.13884092876465817,0.25555015930450037,0.5002220211058492,0.1364129106588533,0.3656878923816427,0.7664764165591028
0.4659217194194351,0.2244111143255999,0.03036207409003536,0.1530232465982207,0.2078089671418309,0.6996887525086554
0.6157519764816631,0.6009842472388122,0.10256218162831446,0.04996919281343127,0.2770118177307386,0.49126586039046855
0.3073799210471541,0.5705924664824104,0.6142841892261528,0.3029626433347087,0.304749312614612,0.547009320393072
0.3116610941567272,0.25665449677539803,0.31532162056404106,0.39982774635522766,0.26824406459996114,0.7090171846482313
0.1347012643177103,0.08333335564029919,0.14892679253242092,0.5272016219353105,0.6144538297929536,0.8353853878187772
0.7239031844967967,0.7559339192671153,0.19238987161936222,0.43940817016038736,0.4625806857009834,0.34282288465392424
0.11910027770778647,0.8197328139974288,0.36765472355085105,0.17343908741635866,0.4312403995038445,0.5466381688187575
0.9261591574020399,0.7506486647023399,0.9131235581150239,0.9659597778875901,0.9367900524478585,0.015468295853293379
0.9332969172063079,0.8411858861981454,0.9584994907978017,0.7554543892619932,0.9659597636494728,0.15550924783326475
0.15648979507517,0.5687097367494747,0.08968611248201097,0.3373340819034208,0.31737182247994405,0.6590042798601887
0.26055752603134724,0.44364396924515725,0.2564989908772718,0.16061082786682207,0.5162129005823389,0.664062988665724
0.13981359053542353,0.27424981718571895,0.16136198433515228,0.10117799353863992,0.5274896042605857,0.781436985227096
0.388093991336372,0.3147057490708939,0.14438462771820598,0.21084482208318903,0.0914911493189281,0.6791514472625323
0.4641645770320866,0.11641480154355668,0.2510046664166704,0.08333705577988032,0.3136625234326638,0.7234588594473215
0.12845804774166797,0.4648783447730996,0.3578046110435294,0.34726951902014114,0.3944107237662995,0.6811119146891318
0.0552063959733059,0.4309058841775285,0.12429630436047676,0.22723119083390905,0.29262430878434875,0.772312687871896
0.017279127080126834,0.24724729471637014,0.13390730237155546,0.25256954047625785,0.4486095165877092,0.8444923320125359
0.15924986868506363,0.09706141868862438,0.22910989207357116,0.5238540915770271,0.3563757874007416,0.8439138015515278
0.2667449952728772,0.16667383336712324,0.5144478570742659,0.10517891321876086,0.33177653206320595,0.7402838941143263
0.529692033598347,0.13539731702903812,0.3039996006885927,0.0326416027139041,0.17671977046151038,0.6958571897179707
0.3071017670062408,0.393239784217615,0.11564019198196245,0.3371376203994161,0.05081311360481243,0.6926051724248282
0.2504805636294226,0.2601014419905871,0.4993906119758734,0.2035155419798663,0.36309757961818584,0.7075316589517879
0.40355832138751585,0.449376511086293,0.2339253738889198,0.29197580414104046,0.35711199128793003,0.5963389134287963
0.3696214928596068,0.07481741644834426,0.2677484955934683,0.40495400519628466,0.1830467437474029,0.7518150108279718
0.22078097776764183,0.4079151952527249,0.2967760909748547,0.7059019199587441,0.28301961154912253,0.6537974070362268
0.09074148599417395,0.30733510152467397,0.14653557749333102,0.4719442784301105,0.26386364684092173,0.7881396045769608
0.42629856137072764,0.3947673712026059,0.1149711529939439,0.23064726551417516,0.43830643581543366,0.6346972572418252
0.3076570372812911,0.1512084421902838,0.029424551567362713,0.13124459669628097,0.46097252375254333,0.7825844452445715
0.03495875614917149,0.01571629414124275,0.09323008324721627,0.024052779977428475,0.04341636947927749,0.9243689137671427
0.31988267906477214,0.21498906239845655,0.37319708598883994,0.13635734577756778,0.12331742752199082,0.7227645934137233
0.17245945458117015,0.4648024619149102,0.21063297329406763,0.3496237856255674,0.27687633644733683,0.6716907667808044
0.5236077465948994,0.07971572994900748,0.003584336130556518,0.6082738291862435,0.4001757266208272,0.7113102163896884
0.9455310972728709,0.7672756585048011,0.9784734943888767,0.9607811811985996,0.7858081134371091,0.02173524885691308
0.4369016405600799,0.11974062491566158,0.3769032701323728,0.32244428815043363,0.5284688984752927,0.6790980640185359
0.5620366156958401,0.10952186295257084,0.20332810740656218,0.17598308414445696,0.7425985411491464,0.659674341136805
0.20388080864478686,0.1201867153746156,0.5818150318931387,0.2757924883850784,0.042610596472931306,0.798764747110431
0.26526006970231497,0.24888934497421297,0.3636564015517911,0.2530752726801067,0.24979711077195438,0.7368567432305333
0.342996453032718,0.32866482126390084,0.2409087803565645,0.09293314087378177,0.07349129637916638,0.7009123024069712
0.3081745146780117,0.09219996496200467,0.061107215036104987,0.2999928878786953,0.16815863235237952,0.8033765966673612
0.07847640863395768,0.24199911537895674,0.22803492045779047,0.16361761445733064,0.08929951919462564,0.8423047631637766
0.20417842853949858,0.30310426110928274,0.2476511086904834,0.23540140304030507,0.2685386323292739,0.7469204792091586
0.46757480171249854,0.4030058374834903,0.1648011314885541,0.3225008478851945,0.35251343570826627,0.5927744950936518
0.22444388214291414,0.05060047096710167,0.28771104108409523,0.5701446283903887,0.129587445353888,0.8150534610409311
0.5642742600782021,0.3448931859287495,0.41989855588181674,0.5421202397206589,0.2371474451738684,0.557342713578942
0.45836380319932735,0.3035474128758345,0.22672437077159666,0.17879938911675353,0.25028007384183537,0.6597987860059824
0.22873235215695734,0.23886620033675662,0.06430599489490037,0.3619543227011637,0.2656707628010024,0.7810854160835092
0.19416253232713945,0.17093896791706076,0.12752981830012947,0.5111631312044796,0.09672479361681517,0.8124442443515448
0.11404878475035836,0.1080732345725088,0.6438644983696757,0.16494140815849745,0.28909314023575305,0.8303968849276945
0.11886389807223895,0.07212621128164151,0.04946213935793039,0.33664672315378513,0.10791294321137919,0.9201441545458221
0.22430032560849703,0.38813670972220216,0.2766326808107765,0.16526205254184426,0.33683310776824915,0.7051355132551119
0.086945612188553,0.09317908039847157,0.010954823700186501,0.05745172603742548,0.06764494079457166,0.9177819353735311
0.23810184430754955,0.11697491644079362,0.3671695112605749,0.32901767696250606,0.3808254812616512,0.7912062360621841
0.43794334939116214,0.3224531691266633,0.251351442906656,0.4862921255121897,0.08420889158727077,0.6496843531808364
0.08412096212795322,0.058151743050451954,0.09274447805433161,0.006383079450736773,0.07002618507491563,0.954384486788727
0.4110151238583872,0.26887149138736227,0.45999056463283683,0.508347409278388,0.23751449125742688,0.6465244254645657
0.23841138620236768,0.19523149568767242,0.3599497435517005,0.48121239241667046,0.04577767393636594,0.7742370557970722
0.8346363877061355,0.7853692534838298,0.7312246643294646,0.8398406859091584,0.9751446198689915,0.16893630065596635
0.22431198667381724,0.14970705612865684,0.27884461432456475,0.12448126694236455,0.4617335424754145,0.7933990580558472
0.22830350418430012,0.22793003725016892,0.5463366300647442,0.06175663722142773,0.2051771356439088,0.7449835103727435
0.601389322500987,0.3284554701342941,0.2667712878485245,0.48400336377261954,0.21132627792891606,0.5682681592705111
0.1861016376343618,0.5144052031331324,0.4774654439505767,0.4851371104408819,0.42873759454341637,0.6199178210646342
0.0423739620371201,0.03521947798246464,0.0002383807162059104,0.09699865162440183,0.004447903154668076,0.9092081540468924
0.1535906531023021,0.17272747725048362,0.12992924634391056,0.5415590892977813,0.3874434191743126,0.8148383880825764
0.5895945688191788,0.10919795876437816,0.12667936338931587,0.24762026222857672,0.13456139774382364,0.6881801550880392
0.13601113584966545,0.2311963786845543,0.3268003644931724,0.35966134577585707,0.1611905973779616,0.8055301168413321
0.1452923245069306,0.4311116916368805,0.5013017296884089,0.5902956104799736,0.26766012187933746,0.6648762375182493
0.4696325075583425,0.36320975358824,0.16263519824343498,0.04844156096168612,0.5721248685590642,0.598851563120107
0.34705488787399064,0.3437868850399363,0.35394280368910375,0.2908587855054405,0.4061408363025121,0.657636144001126
0.7772024911122382,0.7569481355961885,0.903872406089438,0.9637069155818061,0.9102046266440511,0.1475606465204015
0.380680807328598,0.17908836547049728,0.026693265238554403,0.11625194362130103,0.20713450160291375,0.7558306411383047
0.9816780104818685,0.9029591436277171,0.8028150703499245,0.7715051770953893,0.9437873426612502,0.044049984135397846
0.19184179202086682,0.16446720091967335,0.1690576703747885,0.1309323975126246,0.23591645523941773,0.8126601643426654
0.21777087913042306,0.3903189145471523,0.27155563865139454,0.3543673163447301,0.28624580477745554,0.6852331082320366
0.021941330579232324,0.07225550577942713,0.0019328883108552853,0.06676805974259452,0.051681435523252564,0.9458973334238163
0.03331374046373693,0.024886358870080706,0.06688497046054011,0.016608092605322932,0.0616683184668505,0.9272049977955341
0.337528941637207,0.25065058284390856,0.2521734757047963,0.1354074067708917,0.4035857371678413,0.7217421057552817
0.7094481520226612,0.94686208495476,0.7925089731650334,0.9885687096926253,0.7906241798459034,0.24832462784054007
0.20469271636460634,0.40161639338592314,0.19775698474482825,0.4459326333724794,0.08570168146557036,0.6995582255769028
0.19782889115756616,0.20147342162670484,0.23847552794783922,0.13567124957126336,0.0826261787678214,0.7983675614846356
0.42009875160522375,0.5711153654737801,0.35813551083817396,0.2961108986201181,0.17860278925763776,0.5499515363286337
0.0945684310647346,0.2526767595418192,0.29287137350928577,0.36409286075286823,0.05611918005779707,0.8004311388647807
0.0683369109310005,0.558844381422837,0.1045182489203637,0.2842586916200997,0.2112540417009837,0.7128816412617727
0.865478641709865,0.7321098400412458,0.8434372950481582,0.9146888222387416,0.9951306598941414,0.18520579037226456
0.18149745939782988,0.17375533918871547,0.44897963653579365,0.5154834471458746,0.30877067938835817,0.7648199862335506
0.4688203508208859,0.37401806296362206,0.37592502545739853,0.3689356301391729,0.1945411200897944,0.58557927430534
0.4418376196321603,0.30236733395400656,0.3319629411587409,0.10752460569373971,0.18730589377212326,0.6545430113701355
0.27311956524215825,0.09475942530772673,0.2625989512124468,0.19755311781198875,0.14723253783491524,0.7947184884032128
0.4417392325829916,0.4956365040135205,0.17803335708495507,0.18408417427868556,0.40824301373795924,0.5700263244737491
0.45149946593464635,0.34285434964467326,0.1510875838079549,0.392029652473866,0.058307758640031834,0.6531440750247222
0.5143025110676812,0.5254171748804622,0.3628306558845348,0.18001197652189468,0.41305303308721725,0.5286640217366547
0.19848042283768558,0.29643331451476884,0.13972243198688303,0.03459030884159249,0.08137722431867711,0.7889717475232584
0.05624495924290872,0.15049657669911554,0.2973069602773349,0.5470909958314741,0.3611918128596703,0.8563127211803714
0.013096916111202185,0.3050993507735498,0.35812409943600737,0.1128596474390191,0.3424593843156685,0.8009471010317226
0.4422153449338335,0.3034175371012581,0.10876812648557292,0.22692029747629264,0.34408355359577664,0.6614062367595378
0.2563288233480382,0.17667660620005357,0.22503990498738716,0.36742337177921014,0.2747698547905734,0.7729390694797454
0.12008037150759632,0.1957719969363305,0.36233835960721356,0.22849077473379095,0.2744372918569892,0.831797398854295
0.2906548683413762,0.24238820297591845,0.24401607537258205,0.23592058351381584,0.2135862852592142,0.7375311852452329
0.248426499061781,0.5242593831582256,0.0481369665335586,0.7919550052933899,0.019928181511888833,0.6535308954522486
0.27311496256388507,0.05100566077914025,0.5361113017984716,0.19466451587574543,0.43331176608243965,0.8022778478514503
0.02969615029361532,0.09614038050884081,0.028552245174742853,0.08052307393468722,0.09932557567458056,0.9486320069257014
0.3977583849607771,0.5259764006103478,0.1297927720824611,0.19367461004373013,0.3700336459661494,0.584650171868367
0.12280995074610727,0.0935055489057235,0.5392823036691438,0.48170018448607804,0.18122070859208472,0.8225740111628325
0.24431246570620366,0.7948058166470459,0.08906862002640151,0.0953678120236269,0.14984028159605195,0.5460711163646408
0.16905503117317644,0.40165533294293754,0.3557458480339393,0.12911857745437097,0.21272300048706352,0.7144575211746491
0.3630143517577401,0.12138555264611711,0.2939698109020261,0.4613882214879201,0.13690809592211697,0.7327146476371504
0.7499917971449799,0.7302365718455724,0.9924801473601326,0.9267319635508282,0.7121970606057133,0.17725524127538267
0.09801246109614241,0.16495307853042324,0.08901725871843912,0.6971029343642365,0.25782696489824375,0.8225439728116398
0.022315176375324042,0.07579850314045475,0.06114468787491443,0.06846570561679023,0.05960649016580532,0.9622727507687889
0.3065108052415546,0.3111916175626455,0.21599800550326,0.33995960227775784,0.18666866186924597,0.7163647421354894
0.07671218365016587,0.03991240877186907,0.4227091047519126,0.19811971293170597,0.4430131248989943,0.8863122495206722
0.4728620841435421,0.053659207864530406,0.03330090965321854,0.09735518016346464,0.22446577908020987,0.7651401591657333
0.31570110112731165,0.3182142680979291,0.4519973788460489,0.22909336367160527,0.4358967330959174,0.6756230650411371
0.20630964194203893,0.18075797370012864,0.4815510903724658,0.03979575992887504,0.05897848749619191,0.7921759019575357
0.03867293865424374,0.3640557086995937,0.3425749492045521,0.41549119855416533,0.2691645542397169,0.7658451390161615
0.4168670056078366,0.2608799119347449,0.17465185652152143,0.16849323261606852,0.1856298774597558,0.6900956793630155
0.30526408172006453,0.15596353991453946,0.21945035117983766,0.3081125671805601,0.27358916390539595,0.7689078501484224
0.360409463644948,0.3785193435272143,0.29704367100701684,0.3619450611431905,0.4478860059047346,0.6186660825273202
0.31965237212640535,0.302337746371279,0.2510002950916619,0.17075850653527344,0.24790548858654468,0.7001300714383158
0.06039203154803854,0.7672429890629722,0.1858972452457485,0.3202886760533314,0.3386847417825678,0.6211549844208512
0.21767561927151582,0.1855467360743156,0.4774375078148343,0.22209678538792374,0.17960432662583076,0.7657556931149265
0.4233910425225104,0.09630752226362548,0.13689203478118914,0.20558258109541344,0.3023841452962671,0.7401150295737065
0.08575359616064851,0.47600430235916774,0.4924555453268959,0.29994562001543956,0.2933037946408315,0.6874755498109149
0.24114210026316804,0.22894135696305834,0.19148592834959025,0.19787716501255226,0.21982974311312137,0.7736538135377224
0.10682136950093098,0.11151994216391814,0.3024775161706953,0.583484889156554,0.4584469227879561,0.8351478391323246
0.39399743206671656,0.3119859888731634,0.43549321802327223,0.08827139668663508,0.10910884055151922,0.6750340962781214
0.7057320719346242,0.8434818772466618,0.9888981495480089,0.7057820852422632,0.8932149164577334,0.02723515369552184
0.3840811292272226,0.2536866590296014,0.1561294967027233,0.10427872569757443,0.4696016850236499,0.7082768058817676
0.36614580595245383,0.3623798560294576,0.21966231101130945,0.6939392213835064,0.4283154287897301,0.6112949636118657
0.5816434885743039,0.18466532912825498,0.2870735436345423,0.5462591128566195,0.17041035359356588,0.6364655952253647
0.5621775612709531,0.46444320597423794,0.6013946427705597,0.5173276366428421,0.08279306998411597,0.49403431900652095
0.08844444030069641,0.3356162648369526,0.04933160192059741,0.020526593682165296,0.7312022948901854,0.7734406750861338
0.3446235300029249,0.10443655618211217,0.18190917630537412,0.34159581903340036,0.5352422947815982,0.763922243826083
0.6095654722173228,0.37069153050063336,0.2467315765627248,0.2400046488468308,0.28814732633445017,0.5586056444253512
0.3141309765261968,0.20592513278660787,0.36698467236443033,0.4613408101054544,0.5149665981367635,0.715311424056709
0.6479463612947148,0.7739604557651556,0.23998130391216277,0.2659923144457046,0.20661313180719454,0.3782645568797778
0.22650191954925245,0.176459068556819,0.09648171845923018,0.21831007995330565,0.2960313471715101,0.8033933092658988
0.4532267059451018,0.1086120056800174,0.24421025530432303,0.36865423659613394,0.42233872476758816,0.6932856532979891
0.5996218506997747,0.16134039078289278,0.12982750004443153,0.4055265226854529,0.35028780147790195,0.6644511979863297
0.13623186235398355,0.22389435589428225,0.432546506771568,0.26670710644915185,0.18673880277667518,0.7766392400095565
0.7749818047389706,0.7147594454686693,0.7345114762845297,0.8849505945995811,0.8933577355770286,0.031085322973734297
0.6046614565204121,0.3604458420110737,0.2776190413346555,0.24360028567907693,0.1826723612232132,0.5545739621972857
0.2920487185984639,0.06801129144977802,0.08403174195964333,0.34553330618827766,0.6191178566684039,0.8014058915945755
0.4004222737895427,0.1308637344236113,0.12130705924732561,0.6736497645418057,0.4443926568558369,0.710971899867446
0.45077109441955576,0.26916728385670613,0.19259416863350123,0.2616922966748441,0.34092318962115825,0.6734166127926593
0.18480186641013244,0.09062321295448135,0.5092223823359892,0.43613934581827746,0.35660892842543584,0.8024183405870838
0.41019293380539773,0.38581110782029926,0.12206948278851719,0.3861253329683695,0.43009794765675724,0.6136788173171973
0.34973434990572005,0.13462023686311153,0.0996967292955549,0.21300273911107112,0.2846279551679007,0.7792057048402401
0.17561919698936396,0.18176079944126686,0.046406223117986485,0.30230615863401195,0.23963846254949644,0.8344292848590316
0.2052622268743936,0.08671500456148368,0.2987511847548563,0.1852753800707326,0.3386006440463541,0.8198549357075485
0.6085560017364287,0.0797779791639122,0.08203059897859447,0.16628577045791454,0.5751868532487375,0.6679461827378493
0.14165877053537307,0.4667113550674009,0.09790815824019775,0.23386879193908305,0.16903638866962703,0.7307025724284443
0.43593946275941003,0.23462617796568244,0.4809447106200602,0.10273773552400316,0.37615872909876485,0.6663210722757377
0.07767138029442586,0.015285445516813946,0.010346206992170249,0.06793054843775875,0.060988837730030346,0.9702823301830006
0.45500639880107346,0.4011850064190916,0.3322302773019959,0.24684971562171226,0.22386653786692165,0.6100001949476048
0.42754908476185066,0.7362058914355981,0.14428980700263128,0.6560400007803336,0.7554887436763499,0.4378339146567753
0.2781861683282088,0.2184471772023477,0.5147428481661426,0.16399455027377866,0.5321240995112082,0.7268983880243617
0.18524055235766115,0.4699267489150663,0.4410908454889919,0.5410090291364998,0.08130958452827691,0.6469099136265952
0.5553171992560851,0.43491550786413563,0.2683638569358053,0.7382535750041421,0.39230171693184623,0.5132096120785596
0.5031820579410835,0.2994639079970963,0.12055833748822792,0.34387826078401956,0.08156215619544134,0.6435296868990932
0.32184672035858475,0.2397061180698788,0.532160689004942,0.23309053618657094,0.44508343853526944,0.6783422096727673
0.0602842906575583,0.00426469148294546,0.052248744394875125,0.04775528375852113,0.04243606253330613,0.965541987529875
0.12544938510343312,0.10000139427788506,0.27763188914168857,0.43277127176915253,0.04809696310116926,0.8545450790225383
0.44440125056011115,0.5260871285486125,0.0650681498908151,0.32577244076800516,0.3657153865527051,0.5686266964147985
0.5757688148776429,0.21646972025506492,0.5957875618270388,0.08608530276134006,0.15034343278903445,0.607664596570865
0.12381086556612016,0.18390930986555948,0.236448154537431,0.11029512904808379,0.5624053651555388,0.806726258009608
0.14174247492062755,0.0835751494984771,0.0916594711979646,0.6002790567641956,0.20282580874601472,0.8603219634458514
0.18727519902269188,0.2127651940364753,0.06485627403779025,0.05328414653021906,0.3781531275308861,0.8106707983139941
0.19126728643193613,0.0917366575984314,0.451309077651029,0.1657018190897903,0.34043323337095394,0.8062711412036709
0.2750086185191396,0.469934473588362,0.16503174043510682,0.551457503242073,0.12769287287174594,0.664052598449487
0.8708323664524618,0.9109223628304569,0.9891932576319808,0.8636062844981214,0.7583337029946466,0.16719607480278753
0.9144642526021152,0.8751980428822576,0.9282896224679138,0.8026857453017973,0.794965255954338,0.1881271081312071
0.5878548997680135,0.21929833016933348,0.7478584402446893,0.3554299141614538,0.33536859094291677,0.5597259579264012
0.14184427607987107,0.3586589879571438,0.18516490897959087,0.189889259398188,0.27054753815378957,0.7351705255295603
0.26709409153878366,0.14634003085063454,0.7138466925619449,0.2694747259164234,0.554541525104354,0.7394806693989906
0.16934940183695033,0.1871429434457787,0.5810305470485833,0.08901101885065066,0.6112348782322322,0.765974287279624
0.5051295998717548,0.12724351227413871,0.3385687231982269,0.32394218486212556,0.10873337884489315,0.6951965010762157
0.21522630115591282,0.387302669046323,0.14710588734759533,0.3333110652185757,0.16586705866025483,0.7225248724043042
0.30267928438841163,0.16820390373403707,0.3619713828541355,0.014236240564774714,0.1265317455247781,0.7724016440965679
0.9338774682999001,0.9129209342325721,0.9956219216583495,0.7432468331458825,0.8782943812934112,0.10978484308355246
0.22644282471136645,0.020898411833256237,0.3194701734822187,0.04867749814565534,0.1613901790776312,0.8483253966374935
0.33001023491704745,0.5557597705778299,0.12904676970833012,0.405901372445275,0.08585258164842688,0.5979397340553468
0.15526763571837746,0.22394140970592283,0.160430200158067,0.49470932169557474,0.3900445180974305,0.7935486346583634
0.2640383541633144,0.37254415581886124,0.37361748169436815,0.1220911738401469,0.02871224019369681,0.6883320225319134
0.3870555710169233,0.02098405465462142,0.30610715721702286,0.008565174386253177,0.14025222110155913,0.7834447924913011
0.7913037124101123,0.7915427210750894,0.8621813320774206,0.8426570350287955,0.8715003128313209,0.06228632946303403
0.23073436812794024,0.7945363708814471,0.415843454433388,0.3012083481223279,0.335979209364502,0.5137253398820462
0.33743284497625053,0.1781725144165805,0.24229191942212883,0.4699850503138131,0.26229523940183685,0.7324178972818234
0.07241046297913235,0.5310129530485904,0.12768519436038278,0.21307268907470633,0.17818955065654063,0.7214362778246802
0.37822073548513974,0.13730371527256038,0.4876578217842572,0.2850281654329639,0.2614631839438062,0.7225431835379668
0.3194343997975769,0.2753409346090931,0.22150768966764148,0.12098858905509059,0.23140592834186743,0.7339889308764582
0.19725972017809695,0.25466498110495867,0.23721816750124144,0.5406624292853617,0.4344405687649086,0.7472446845274829
0.28717210051402103,0.14270700421211402,0.40257695546905214,0.5290382989791628,0.19829326229176966,0.7630439800911413
0.6008221918617068,0.2393693720523304,0.20980840695392539,0.5659897486055057,0.27399022069982,0.6064426433406825
0.9171254442373522,0.9359743139250447,0.7158141180170478,0.9792436219239291,0.8405505803087376,0.004282079372047942
0.015722670371491977,0.02299658434000832,0.05749145389131138,0.03319520941629722,0.058245718705681515,0.9461613015170516
0.5045933992123101,0.27384519417917336,0.44953382247181306,0.03923079554779993,0.2668369488193454,0.619395314053733
0.005039452380760034,0.013269981390512931,0.006025735868376548,0.09398982768580688,0.046384677738983464,0.9250375684706175
0.21444346597451258,0.09592199406868976,0.34012663995901743,0.10672595986618227,0.20789411012346304,0.8233214537332891
0.46315732764973994,0.31208395624414015,0.3124080753833301,0.3008893453852041,0.21087242493869504,0.6390218004010807
0.9133892601596377,0.7656105991080461,0.7809597213459906,0.9209653586173113,0.9300942604936709,0.2846652528935373
0.185040538482732,0.09817901122297269,0.24900918990604082,0.3725076345941063,0.15866372800116169,0.8377293776543044
0.11455555890742458,0.1406934063398773,0.12004001877768207,0.3459924521938173,0.49325406890029927,0.8322555191144705
0.4228950555098883,0.036471021649683265,0.2027231846725181,0.3480301152650873,0.1320150037474957,0.7743952254105234
0.6440679634524121,0.09036712999611436,0.20594331033656071,0.3693708189814393,0.2776544741487593,0.6484964541378464
0.3083255266751108,0.2751210734555541,0.5273053241261928,0.3037906840217618,0.19777730910110117,0.6832995417068014
0.4105774245043222,0.2933224133773137,0.4068945002988986,0.18897772771557286,0.10576218199875301,0.6565487575664352
0.19605420588440753,0.09793866259816449,0.12050995107237064,0.10798668376529881,0.03806733536752621,0.8781618709671055
0.13887477350878247,0.3540293523738803,0.390835541831471,0.35133070731999066,0.3114956087515482,0.7188164239145847
0.09852676123919558,0.3927334586612469,0.0683348015390385,0.08426063965932765,0.22862126771555621,0.7877858980111075
0.36726113123900356,0.4211069715116278,0.3007428697046446,0.3701921478640116,0.1804711845840922,0.626579112208741
0.5073793345737749,0.467208932956789,0.2826157120814737,0.4866749431512049,0.2195512492867026,0.5329913678144865
0.2364619685412546,0.20919936198081218,0.14012893866333193,0.166003593157925,0.013233237490968362,0.7957855132298711
0.4056361401586,0.16709537736963567,0.06575335528643299,0.34307927281064743,0.2840753384753765,0.7096087794441172
0.26490977098893786,0.241350623731198,0.12845724195362876,0.5171282481265398,0.14829638328146205,0.7685747855613821
0.3808117943964557,0.2970794634573549,0.13153502104992346,0.0547920609497154,0.5588903140623862,0.6813253064963687
0.22533174704489528,0.4132021119127898,0.13328160829042537,0.17234038222678733,0.2840778532539391,0.7195923486034511
0.04515369517060627,0.05845621703141029,0.37926926236189284,0.13933579809830637,0.17544564553710004,0.9183474787126915
0.16436603283956178,0.3169942157081124,0.03709534380011404,0.21649068549746162,0.13062077416600879,0.7807101015048631
0.19143069972773935,0.21634844110989762,0.4885623746403087,0.3646212174396626,0.41896630073397884,0.749146031146596
0.2616461141449531,0.24093155533643826,0.11884627688443102,0.4351491837311797,0.6918759378650814,0.7325870491607894
0.35639372193893865,0.2313028502568061,0.3233794170176799,0.04972893644200458,0.5065069317747543,0.7237742516763102
0.08073936672491931,0.14569234387139093,0.3732064718998686,0.26623308286103603,0.2279702297652939,0.8454836484336548
0.07869766722284187,0.04073955409788432,0.005218989637500959,0.005391533907786361,0.08958452238497272,0.9353853800981822
0.24552664654232526,0.3161669790412176,0.3931820354627364,0.6401895921263199,0.3015216393305776,0.6749282537734206
0.5453972463065507,0.3058204403043435,0.17988524003387868,0.6363708836727134,0.1466987889226027,0.5934305229806145
0.3355411391283527,0.17907672524396392,0.1441442231064311,0.2143839453001913,0.34269029904306697,0.7468877680235576
0.07679639020481784,0.011647914985807195,0.05837442560421592,0.029749063836053594,0.07748478211866276,0.9953555932317795
0.07861861954219991,0.04237739064612579,0.43737778609497013,0.19637924632295603,0.6692922121723681,0.8835120625616208
0.22324955997792298,0.13737262698351882,0.27744819998085657,0.06543419917928017,0.22382046287787963,0.8185545806692511
0.23934489305310983,0.073293223457093,0.12064827471996896,0.29590041130552286,0.36937542446495236,0.8331255130045754
0.4691650839986767,0.4095096724865307,0.22269096074182418,0.27437042542670903,0.12416434258190799,0.6131828237240994
0.10930101287827769,0.16371536778163837,0.3626294967974677,0.41424530512881147,0.4819225127364827,0.8028754718351128
0.350841738423868,0.2867243602555089,0.10594589920548952,0.1649225795078439,0.1484887044123464,0.7326077328959645
0.08690685172807264,0.015952464684338297,0.06965046200469593,0.06501034903176113,0.07128568324090317,0.948910897788062
0.5209560844968074,0.22634544101240253,0.1698894778622002,0.16264061384159578,0.38723313137660137,0.6520487964248366
0.46291911654104495,0.09787676083985698,0.15650829480376224,0.15026398344328398,0.7511055441143265,0.7214954843095077
0.4458084306295856,0.1932734616160555,0.24043801545482055,0.3031707163134358,0.3014833428855457,0.6852787704457483
0.45074564735850964,0.4774340144308879,0.47576719542483603,0.38018079916733033,0.05285639214342525,0.5841842496169893
0.207768701685737,0.40220432676005763,0.37939157038451693,0.3621587041010365,0.2427522333172029,0.6945022169514744
0.5530846398930729,0.526643700658367,0.3269649580485592,0.46434992656417173,0.3676929519450017,0.5036453498515026
0.8350073581936637,0.7119723139314105,0.7497414490134512,0.9983140202608409,0.790688747011171,0.19584087670124983
0.35219914462398455,0.23883779607401057,0.4696773272362428,0.22187829277868215,0.49800933565598476,0.6902729347834106
0.5623335554103934,0.3888028999152428,0.24206233977458058,0.5744814075466462,0.6693029609845028,0.5412504395419808
0.066028107172517,0.19678683124568414,0.2200355697811031,0.35953736600634684,0.27308518883099026,0.8568848120963147
0.47801036279397796,0.2682875891614247,0.4133622514714107,0.06450865757235967,0.20302761603251054,0.6248461846549971
0.36195574219105253,0.28175607964871835,0.32910932817787675,0.480893447597654,0.25195269234124185,0.6651561598683207
0.7784505175036265,0.8625406015847319,0.986650894730788,0.9152829234648933,0.9842227948137099,0.24177101486439254
0.14476908879022118,0.464239270392065,0.1440797084055892,0.15532521307096314,0.19632358483656542,0.7280689869289403
0.14853618339714061,0.24624341943088582,0.09207180799799926,0.4319086153526871,0.3044264218656657,0.7956138675178076
0.2673122822770018,0.28390099184545364,0.121655589732435,0.23397455249659874,0.0102902588621496,0.7398566214695281
0.041079616068366645,0.011177397560469282,0.008719428392487738,0.05702442912614084,0.05075492421894839,0.913753527058417
0.06605632519856636,0.05550897864439539,0.09864584947219418,0.03269223783080386,0.08778220709825862,0.9679005991658658
0.5191348577625704,0.2626657390278319,0.17730094355527037,0.4561021246871043,0.158020927184205,0.638813505802212
0.012576968831467986,0.3549203203128289,0.17981201301093844,0.15350339215436465,0.2548596027075364,0.8142332743209592
0.23005953211192406,0.13580358804154044,0.33968617911775273,0.18955971090696572,0.3097977407861052,0.8041401996713549
0.08916247674529962,0.1626143298030193,0.24165165365873117,0.693662498865679,0.10333847586432712,0.833733611762924
0.5437183231209585,0.43623663725440737,0.5002703336989706,0.2324364942712385,0.1594883994611012,0.5258937372033733
0.3380641675028336,0.3288580333651671,0.38717946888072796,0.15914359987946278,0.6091477977524729,0.6701330858783143
0.22099377678765253,0.19363262766618522,0.34783036956862906,0.648321912213149,0.1492077378725178,0.7729606551767195
0.12232166966906016,0.5840364554906169,0.4183889611758654,0.3623894196535201,0.12324696407548764,0.6509394073007122
0.32715774615691906,0.035345614946842505,0.11445768394685336,0.5066429135495762,0.4684318642404563,0.803549855136816
0.09997482682028871,0.25681603541862563,0.37140454050814303,0.24114785358865407,0.368909358967846,0.7744001218348691
0.33759203987394115,0.242844044324238,0.1553252701309937,0.3395262645749334,0.4276296643115922,0.7124906077452097
0.5828544730774738,0.45060167594505257,0.49781699347269226,0.582005898871244,0.4324755140159728,0.46763527360757534
0.5490326088038333,0.20120255300939469,0.27859424330602867,0.464290379387025,0.40866336436021555,0.6396451780002428
0.06811102139227489,0.03042771827796205,0.06912926589588965,0.02636675753207729,0.0738179723491956,0.961517579718278
0.5397886850088234,0.27770672452244666,0.5415671516955938,0.18669292310883395,0.3695591822733146,0.5869191071549195
0.049103914238015904,0.11459227463231245,0.35926355860830433,0.2673519028441754,0.44896460295921503,0.8649366303864419
0.01617277569893689,0.07848867784041294,0.06620824746235761,0.020244428016206285,0.001236690889516179,0.9589378961713205
0.1507116244682386,0.2714119953989378,0.5642698968727424,0.18803113600500224,0.04061692401421488,0.7685636391450071
0.0397742668078514,0.4816905964950782,0.5842182186305228,0.18319476368560636,0.2774625205363693,0.72138933265287
0.41995867755191874,0.6850453067539968,0.23039488065171077,0.43666944260946433,0.2281104158867686,0.5097586798127222
0.4703209324057288,0.4770412591877109,0.040930902328135725,0.4353692659705231,0.08983733450941564,0.6037868343286469
0.45932256242566094,0.22619995820099928,0.22135389516518295,0.2577624264078158,0.3767891825923669,0.6543773142560212
0.2928697416440324,0.10815875338211413,0.37416621256782495,0.1476623492053573,0.25235253027797294,0.777325100222517
0.3253208111970423,0.16265556792838198,0.2046757485671224,0.5207605775088151,0.2632658718517118,0.7496542812361351
0.006734870709074515,0.007732234550085305,0.017843596508718595,0.03847676567309415,0.010420433294358489,0.9274059844311178
0.227995917813659,0.10490339272132464,0.2816589864710451,0.14295568065103653,0.30763772117551924,0.81109436213515
0.3285833899501695,0.4529803309720262,0.17162500895771687,0.6818836931070542,0.26290164138125655,0.6426240980315696
0.188908839828141,0.3951666074119449,0.42373933741455516,0.41059630991542295,0.1612144412304038,0.6989359113948839
0.4759491652842039,0.25029583424751206,0.057901852716623486,0.14675487359717837,0.08962760497358548,0.6847763962160933
0.46195246754850827,0.2363619490218344,0.5320472666232018,0.15820957347262424,0.3614129666111139,0.6299431212287294
0.33552196724204514,0.36097805658461996,0.45548779419860363,0.1711427473982283,0.18369046104455178,0.6654664571989737
0.2913305263540643,0.30034159006034905,0.06872105218970163,0.3359150690672405,0.0892164115203508,0.7288011450259326
0.8036290015905673,0.9256513313600776,0.7519300842197891,0.7129248606235838,0.7946288203542455,0.11588868659226675
0.32719066890772697,0.21886764771212514,0.23498557151496235,0.3500409645064159,0.24480402765731968,0.7299563819401818
0.004542598622984795,0.020141592419166666,0.08873903250233499,0.051992027709714596,0.005060258268692808,0.9295712457013358
0.0700413016313802,0.03075216202040534,0.03232543143579526,0.08332349757154109,0.05829449919414155,0.9447610782194301
0.5689403837780267,0.4433654211521142,0.20299414162499196,0.22456996298157192,0.3733882179286282,0.5488187340815074
0.16873682327409087,0.3253350724500852,0.4222954959755191,0.19952988888660012,0.06706865424958303,0.7407639357251303
0.0357853931400015,0.08799575368812623,0.07282886868004311,0.046732798688781746,0.08617691342051267,0.9890809091599487
0.25951423642259236,0.2202397286675619,0.2531977039764818,0.12850064149749324,0.24240097238015468,0.7809060026031384
0.21073410761815942,0.1044566260728614,0.12345565364442232,0.17491163266562912,0.19437978103104214,0.8379585937630066
0.07072026218220608,0.0861500096411124,0.09095757870320707,0.0935828126338231,0.05880256078521117,0.9103396695382016
0.19252517781702655,0.1355731263412047,0.5244711848696105,0.2905327844117592,0.39587439904071986,0.7839151966339011
0.4215730229751968,0.13055575101121267,0.4094551800839728,0.23489334469866888,0.2812460205087458,0.7166019473221981
0.7746585018017765,0.8113175581032248,0.9186831076241655,0.9653038791354751,0.751671186531158,0.2593268617685379
0.08917514806890406,0.458297034584871,0.31702541641481996,0.522549930511739,0.13270857095613467,0.7193731251122509
0.08221314563856932,0.04226374000461586,0.030124138197710284,0.041167571324637234,0.09298701453601212,0.9303154689603733
0.7002294298967494,0.9651297155873806,0.9646193184906791,0.9556362876454689,0.7770108839451128,0.2724167664432507
0.19122046404901066,0.2792099640260489,0.36129809555408887,0.33821372278013057,0.3052576652286993,0.7389888626765238
0.25463202598101103,0.3627972552869115,0.3316301403788519,0.12555829081258915,0.20048765401797547,0.7085035827148862
0.26260915795931455,0.21561593307625704,0.20392821027285862,0.20885906007133329,0.1338300080120429,0.7646738218237966
0.876724813094379,0.7708490772206634,0.7499802116026708,0.8300330618140978,0.8721688568606264,0.2567529791870797
0.1235656832485277,0.08292415012706633,0.17391598940464573,0.31656864070524904,0.19589241853140785,0.8802049100656106
0.3590902667010948,0.17481305800830646,0.30892462734135956,0.2588483514650999,0.2385472889659712,0.7353165826086329
0.09428918692450089,0.04886380547191402,0.09726184787970096,0.08326738070872014,0.045613655312921275,0.9636297787546043
0.22541229173963975,0.3829665781040867,0.20013354834598193,0.151276601159229,0.4048404752387677,0.7085993581574556
0.004251438590459422,0.023575823702404155,0.0585350289004237,0.05565868887306418,0.037422542191823206,0.9154577605672156
0.47005375734757493,0.1721247551674376,0.037351396769405375,0.34452251610256907,0.4245529597034169,0.690105042896656
0.23340795938545686,0.2689146079713267,0.3396368142518621,0.40996831024899266,0.06966881384341751,0.7225017271856256
0.604550623924786,0.37933700786961716,0.0760204221555065,0.07177152712959314,0.30915219809074174,0.5886748469236326
0.11161825582150756,0.17192241932574226,0.2561056536171063,0.33374438201867823,0.44186204150647923,0.8309364644164287
0.29180063638815756,0.4637907771848696,0.411807423410557,0.5795863623449141,0.2092912350587411,0.6146297419110383
0.24367885033200437,0.07672885439365665,0.1324268192616501,0.15740295469784474,0.0407486883106785,0.8634047436241571
0.7656422953020512,0.850641404193837,0.9776859747016637,0.8690987830618637,0.8769762153834654,0.1247886975338098
0.882311382240313,0.974111722768491,0.8459208169855629,0.843442032790817,0.7399318052592023,0.1826674640545511
0.2613583638874165,0.3727294203642797,0.15054011354868063,0.25187929320748786,0.46529688919354295,0.7156271116299249
0.10545421749979744,0.11165826697996167,0.11283683598043848,0.2659136965838428,0.155083818693593,0.8682718182872746
0.33941958951777684,0.4657699051750481,0.21293915277164602,0.09247015752753827,0.18070673480096405,0.6424993891245993
0.06674404650508572,0.40286889135392423,0.6019609182671801,0.37710263923678816,0.400268246155478,0.7045696341277237
0.39484478584956023,0.2511483030636773,0.1957906451636029,0.16247008694332812,0.1679725978246332,0.7018244374098129
0.17015973446901886,0.21785846334980966,0.1674504065254624,0.37447449286604767,0.3380861687527339,0.7917469110586942
0.6912093386389426,0.36202118927167676,0.2098207121305497,0.4485602294821877,0.15885624088034114,0.5269102830424751
0.17016504307163668,0.4091058526954105,0.09879504971505164,0.17303063546912734,0.12900998120981136,0.732576164668525
0.25965807209419905,0.4301266324631075,0.21410831855686885,0.3056802143339764,0.15391084143532172,0.6803758502000198
0.34085924943352575,0.17045847687962806,0.529765754063149,0.6685202124916764,0.09405935081054266,0.6961183772217128
0.1936145912070428,0.14861809154528466,0.11683883090320342,0.3174103889752332,0.36310576432225117,0.829363717159477
0.4421189571746821,0.14771472152976958,0.1254478601017356,0.25712188459170543,0.029903649833201647,0.7448158532292972
0.2918146343826823,0.4456815551059094,0.38436339959020566,0.1927678678226636,0.15534668926292824,0.6525984610375918
0.9632065367062843,0.9797115822076599,0.8724566467754098,0.8710049950976244,0.7099944916807275,0.1490200965096587
0.08526285170391149,0.12367697005988552,0.48947422816134295,0.08983046930222102,0.3788870422794579,0.8455883498327071
0.47376583548934953,0.38382887729202736,0.048691959010910904,0.3157874805585976,0.43787906905360247,0.6214777359768172
0.2739533039710695,0.39727100324553744,0.19180018045041838,0.2732753285510266,0.1244135690336921,0.6890421232957565
0.0935674983661223,0.02210528084623057,0.08347318844782181,0.07283441590780307,0.07053698023157114,0.9498434282668963
0.2670788820929144,0.09487596715277204,0.08807740800863963,0.09881800131760543,0.38843991219338625,0.8292385697416317
0.1034879707346583,0.7369290084627342,0.47854289324051674,0.17846323450699256,0.40061013661810607,0.5923221172038815
0.22795113216234186,0.23589884754543217,0.41903631298664695,0.12975111377765922,0.6846062833712997,0.735050476381647
0.050887089519406695,0.08061741604415053,0.07067263427209662,0.002015555236003841,0.06215890593482194,0.925547623586358
0.6891140409001313,0.22583343197898553,0.18535728959551992,0.05274174208422782,0.33016270922706753,0.6059388379668791
0.2505649400674639,0.15226984612263797,0.1983512984569648,0.07671452490818496,0.3608292877413388,0.8086425071295431
0.8378205078181185,0.8662478781197371,0.7325879777876203,0.9291975022200145,0.8168900887221331,0.0250068166320896
0.06198612671576734,0.07126952726136643,0.04178142094898768,0.017624716715023924,0.0024599465778384014,0.9368260930653993
0.27220512050485735,0.3726880031657027,0.14423097369823282,0.4038429635402862,0.2200993669347555,0.6926698435970023
0.22994845690931623,0.5856838473440281,0.551514651678202,0.09729755095086269,0.3442904997540705,0.5925622785177911
0.42570532098434083,0.20306593133913795,0.18150243113592468,0.5164362262901563,0.15251319512232336,0.6924836196659311
0.22271118741639412,0.18730793072300556,0.25310122741547586,0.31440708780164234,0.043968905891708904,0.7892237653225772
0.4773689304451496,0.1336147543659826,0.35351980659222765,0.3216471566555442,0.3780027416710624,0.6885039485120574
0.23101298651698982,0.1931248424929694,0.18690228474658693,0.2502982443992946,0.33139800056967117,0.7915344373924
0.43144353619464987,0.21987205885070596,0.3602224707670423,0.1252743490896082,0.07328776907853798,0.7080345525862588
0.38687976021019077,0.45939990989543045,0.20331027597449908,0.2201897140219349,0.22423661130611447,0.6098046749220633
0.20867813507832503,0.3320312301706407,0.6080560599085705,0.3931016430476063,0.077901900471191,0.6918646568156476
0.09002499819996725,0.4353973697178231,0.16459880731842147,0.1700841964297611,0.16770987861720438,0.7649234376196073
0.8030146362781762,0.8779870584538652,0.9489131006883189,0.7900816642254096,0.7158617000937318,0.23720296543173156
0.22652332523012098,0.3139811553207685,0.4489984052218607,0.2514475936827,0.09138479519599817,0.7101719871373414
0.3042970610133372,0.2987229163684188,0.48162209982839027,0.17665497643954475,0.11059720137509704,0.6868402322614285
0.08803121967498172,0.02284800147739944,0.09670869699568235,0.021175268864813426,0.03525912943560229,0.9934658062054091
0.1823972362349482,0.04394597146740671,0.6144465564481298,0.33059471130340534,0.239055023124131,0.8358923955400823
0.4766491048877699,0.04959484484746865,0.06836400720069934,0.11285918801823186,0.5568299475649389,0.7479031458920306
0.5264086385938195,0.2395636514821449,0.24753414746415695,0.37690726752565196,0.4180089760819971,0.6318543922499388
0.36092031234155697,0.40624597853522315,0.20142289676964725,0.3655917250749545,0.1923705566321736,0.6331116737714116
0.9386338435179723,0.8526215428804916,0.7223700712329884,0.9703261619021931,0.7608784479602572,0.26784615604160367
0.3835316726535463,0.09108176175620504,0.14999245673263817,0.40215652443452055,0.552124432226568,0.7561565311052961
0.19591171866205373,0.17726857938609017,0.2831063675492979,0.3904641855062918,0.29306812168342644,0.7835525082101982
0.2976150813463317,0.2568282802399632,0.09699531585402744,0.49043178548425564,0.13022718992482268,0.7306182995074925
0.13237350274514814,0.13523063677427852,0.2399530481396334,0.5441684860321278,0.39466263582400496,0.8316011351243997
0.12631168044090502,0.10432270541008071,0.23880480128244455,0.30846291946682436,0.4019183602893119,0.8460883895002194
0.35476652265808534,0.09870751983713322,0.2971287645981327,0.34605841679285526,0.21004089105301887,0.7544545649052858
0.3219807096428471,0.6799009194853185,0.24452147371389363,0.1808717764345355,0.29106018593230937,0.5475330903733616
0.310809260614259,0.08161594989342616,0.18980856315630032,0.0963197462570089,0.23767261577659962,0.8097357993394985
0.22661352635262422,0.34615131813062555,0.13092551542080225,0.357014415099536,0.48459148724219714,0.7230397404549113
0.3116613226660596,0.6697424146261156,0.3389314137978949,0.3491482272099294,0.434133935763824,0.5376127670761252
0.17217359051439798,0.44707169192000473,0.18556007176146855,0.3211480998463476,0.2569973743428227,0.7075536990287709
0.041466975212824844,0.10403215299508577,0.38122023410246075,0.4869315044354654,0.4089938726799176,0.856477534996692
0.2761974130074415,0.5785044003585726,0.19314456228923804,0.05791849805455655,0.20230691011393695,0.6272494901858058
0.09425356031693806,0.08545257184960373,0.11460386547532252,0.39082494735980666,0.15903058769143405,0.8852502705056109
0.4118445340829866,0.17413207358582633,0.07371689176223913,0.11467862102885287,0.2460316915909828,0.7375041488548463
0.5157009792685964,0.21998948044018513,0.15387675660714636,0.3730600223857797,0.5721637762616858,0.657291296101798
0.6342283268293691,0.11156342175734124,0.5865639678872485,0.05907114045799854,0.10525395720709568,0.6352323271094351
0.27170217319000567,0.2908978920024542,0.08278471877527988,0.33145241651682206,0.3048245068634168,0.7311920765587223
0.16115555595365097,0.14760008415528367,0.11658456675377518,0.7052475586375019,0.19194520890645794,0.8132393409844209
0.3019616530585536,0.6671424378375695,0.24353341278885549,0.21191476102193416,0.38947418593485517,0.5359280655903694
0.07571311507613386,0.06095585795040875,0.07883571168608698,0.0884371059017667,0.03107231350367129,0.9884369067398696
0.2773672197869529,0.4029740466041585,0.23815587576154318,0.4461637088661431,0.1478082659977269,0.6963062782224003
0.47222499596045936,0.5778790868050008,0.3452311317325378,0.375511819697802,0.2714091921153244,0.519366220794264
0.21903951367592533,0.35096255154551526,0.5328273130405422,0.1746944346894269,0.038940059292073254,0.6976822668777456
0.25130404126245265,0.6586435730821777,0.18447588453181227,0.3041349015026613,0.685299238504835,0.5954477806004207
0.13449891422559376,0.43716360543801425,0.6277599784623912,0.3007479323308898,0.5004885117734703,0.6544578558911124
0.9347349261791922,0.9987895091396908,0.9748723933482468,0.8106763291953275,0.9086262279724888,0.033971479874577305
0.5758311543371692,0.23057635509190597,0.15295405479812135,0.4592228060759528,0.12284269552966741,0.6159073214333649
0.7976326291138102,0.773593944958551,0.8073259878203464,0.7840768262518103,0.9156275315445894,0.0765477185484137
0.8360162042313103,0.7297629782982732,0.906885110729946,0.8783304164932655,0.7589328137240403,0.026941140472212865
0.23996872315505707,0.1312572492200931,0.08424138525374623,0.21267611646196324,0.3672245687160964,0.8176807182761044
0.4457504855829945,0.4977813250694695,0.11690815356848519,0.6011295432566813,0.16413361100110188,0.5738232331313369
0.41814573239418396,0.13081048179853794,0.2134756757359768,0.2831763323100289,0.05152151734264047,0.7572661762587114
0.12477872464880943,0.2829613097393499,0.03620651769658636,0.35072991253656327,0.2725944776023164,0.8016370390127879
0.4135696874278296,0.3932571638092032,0.11652578306561942,0.46548648399214915,0.15638831161972191,0.642645777043334
0.08552216071945434,0.11815215636905586,0.05413244140747968,0.2335659781066504,0.22879703840235993,0.8821720907194847
0.10238495285184403,0.2921781890667169,0.6374934059445807,0.35343321353800616,0.22184575101213017,0.7626115539323648
0.22850508874050057,0.18360197567584968,0.19250634193960756,0.34034237081387014,0.2262588482751722,0.8013801839912541
0.5466614162505907,0.3610695224778302,0.36617913392961887,0.6265283424595848,0.4864568414218265,0.542094883992902
0.35108503224370974,0.08731620315320478,0.1736055112632929,0.13666685669002082,0.49505673706848013,0.7794448812114249
0.008793317234466925,0.04858625023169438,0.036281559468392545,0.0837324462964272,0.07371225247739108,0.9900658650607476
0.00824302769466656,0.09013598658048054,0.0669803819922849,0.005920131901940551,0.015839589439213164,0.9271835199721954
0.3806987361056626,0.5908104280722537,0.14668525215123562,0.29331598342184595,0.06042661137399509,0.5864137623444927
0.2794224044294483,0.44868028652181924,0.2911137606739045,0.033948889008919014,0.30816717192295356,0.6673901305582013
0.3066911814390244,0.16220128188122723,0.06961355452597585,0.32627922219334304,0.4778886763473051,0.7479819888009296
0.34303308364673246,0.40967806006642943,0.16023555696371905,0.038600315562899445,0.3598334463805491,0.6515976462918965
0.47611454437072104,0.5356714249960283,0.2751663404573624,0.24151138845914757,0.3098704968593537,0.5343200426100027
0.9353861174788752,0.9306088995437198,0.9221324758137437,0.8381755675202203,0.7288423769532398,0.28043598157812544
0.5012006017832084,0.30762856149862816,0.5105760337918065,0.113637590960447,0.4464327319964848,0.588231787595923
0.15400666296079904,0.149780837824845,0.22189328287034674,0.35946021355950436,0.45695586241824365,0.8013360805702159
0.06323234040516468,0.37562352734183435,0.3512659250373393,0.22524409517653518,0.27416562159133123,0.7380669197779954
0.44834545888275384,0.3585833464759429,0.21568708106398726,0.2963401433266752,0.4514701468931005,0.6391309806921235
0.10997586339778063,0.20367609849078544,0.31001734161788025,0.3575820058825164,0.12701653814803582,0.8213273641360905
0.29980310270744265,0.11120622442096126,0.16590157591982865,0.2641144896267386,0.4243643143339924,0.7701560634549589
0.5363077304756033,0.32465284934657035,0.10120070985980638,0.38356454686392544,0.262384176583193,0.62352854839742
0.06705426999363957,0.1340996784920711,0.0973594145531628,0.344342497063202,0.21463393291599392,0.8967893745694302
0.3373425781481131,0.20391525678072642,0.33640841970380786,0.42468246562283113,0.17990463503878326,0.7217602478507221
0.06163751556213369,0.38907027006992223,0.21901754193271508,0.04500152898597773,0.08502719977658056,0.797544034893008
0.2669105924136806,0.12775702884971768,0.15477073269011485,0.5124890299739557,0.15318860693280614,0.8064596953813562
0.014681933127792124,0.08364750559922057,0.08308065944872826,0.2682478061559006,0.39945561007842884,0.9250308423363586
0.09291290127017372,0.059532127681471515,0.21555994827938985,0.1525496939736243,0.4992149330394259,0.8912034962742951
0.16208459011388984,0.3489400600181042,0.22962344587554478,0.11676214144620442,0.17162538739871702,0.7428656517601151
0.05558771864927384,0.36049301963508157,0.3308031788815369,0.16272661778627628,0.08901063646930107,0.7606087290094408
0.3628731421368042,0.2125768961783277,0.32999148690856955,0.3080029010521766,0.3500754309235469,0.7125315550217023
0.32618555306964203,0.45007798658483256,0.46295747202285414,0.19136050797025364,0.2670464295855304,0.6180355488195075
0.5516768599767246,0.23181175247270788,0.050636680003907135,0.43613948773134675,0.079774047358712,0.6511969131173255
0.03953907022511208,0.08563279949796895,0.031362022944702285,0.03269306125673103,0.09268913585768564,0.9582978682294082
0.21718481039517945,0.21416902765381804,0.19817150982828044,0.34078406407447115,0.5115135915113578,0.7554781161746144
0.07822097883115157,0.05744330728600944,0.214739943441088,0.3889884843003036,0.15957341368446643,0.8964670591907582
0.1767688055025618,0.17230284044242572,0.16588532625926541,0.34356778307912633,0.3820177271253605,0.8080740753856649
0.5954379734962468,0.060337733778578075,0.07671153165976458,0.22258686202602557,0.17384934211296887,0.7170947760661213
0.39717268660938093,0.18471034513394197,0.14457455957780693,0.1786643211629487,0.3758772274096812,0.728475030457568
0.1055672064555032,0.40135502498059056,0.2313682691940875,0.37955835395094156,0.4873647770389961,0.7341655476416639
0.031185910555505757,0.04583082158777779,0.3130910846736385,0.20243865768520317,0.30639030464519257,0.908396393391252
0.09486320013614166,0.05328607059348555,0.018782815885295037,0.010321043345028147,0.03938085164550849,0.9342887519917451
0.36797659433535934,0.17344851181969106,0.10268364498664503,0.20260425487216627,0.4228966161430971,0.7452891441282942
0.159129571300425,0.3743219998183094,0.24620904544703223,0.44675079781618837,0.30388543770893556,0.719461465568089
0.7380869638355531,0.14163948431206266,0.30018660043796896,0.3967113806798772,0.5645416204538902,0.5617428680408733
0.8924112554313306,0.8662536196680317,0.775901561892964,0.9703084594022773,0.7205214511366668,0.06806263302523793
0.17097774059130702,0.15173806495016856,0.0318770318458259,0.3781146084737784,0.23889121934105542,0.8301292231293957
0.08072398199878913,0.4413910346538774,0.2605738607124268,0.0684561180491536,0.7056277868078294,0.7218062350836343
0.4477791997522805,0.4096809169149772,0.17705837502603433,0.2617890098566459,0.15231076997568538,0.6308708452539079
0.06708234977995857,0.015561637595116884,0.024904228564554265,0.07090477216027237,0.08830882240868258,0.9276772278314729
0.26147296955370153,0.22509217473233753,0.4436420965235391,0.2369410150449106,0.33405111059808956,0.7356716135540733
0.9659713811651426,0.7711767050239987,0.8799537901412414,0.8135760196037374,0.9757618680251101,0.002917302802918031
0.24924642287697085,0.27237465574426606,0.1822360877219889,0.4978774179738787,0.1683440365599717,0.7389148242753777
0.38880045320267814,0.4430814424744217,0.21063795371235586,0.449467212009201,0.4463766831234198,0.59750746785778
0.08983097773481848,0.10896840036189863,0.10599592578599933,0.2774870221260205,0.28612909369756434,0.870435785696148
0.2393537041475697,0.4497912920086879,0.07864040065857046,0.2981756400228069,0.32840669152395885,0.69142743465513
0.20045204994057464,0.4899452299718118,0.4390761699403244,0.41263615357918493,0.3550822457408271,0.6525742073833766
0.025592023200618833,0.0630082875686638,0.038172432278000656,0.09284496292375945,0.055025394400020716,0.9364205556787172
0.4674355152035755,0.268106013205653,0.4140764253701851,0.1432860104338276,0.45809343604912356,0.6380157437502852
0.07131919283610007,0.03264647637847401,0.042078301792650756,0.048992075746118004,0.057481316267395714,0.9436675304239592
0.40373494198452503,0.1743510647539216,0.29424039020453147,0.7639448592579622,0.06396355785210092,0.7056405431927567
0.08948655761560051,0.420851249378104,0.24063641989249215,0.30645150047784014,0.19104762643626544,0.7458422698789515
0.24781566399063273,0.1403624244292963,0.32525911584624895,0.38409367965691094,0.3603877383580367,0.7690582213323748
0.8123989204672679,0.8171385754995322,0.758558149693996,0.8041828208242154,0.7410018617373344,0.009641997954046244
0.4549932251283338,0.15696270830777198,0.27907659205598045,0.32014060725801635,0.2208223783269822,0.702522056832426
0.38950793387251037,0.22784245636465283,0.2501070253160157,0.061080315937313966,0.4243164760315664,0.7138687921175682
0.9256448228076766,0.900544537322631,0.9236779174211068,0.8266543583921379,0.911872192184952,0.04588959430851367
0.3828986050331805,0.26678926698424793,0.36868786848028196,0.39935950533989256,0.24496026358661765,0.6683711251852934
0.297838427885603,0.27073589587688,0.11659256821628282,0.40946067736628267,0.25950518318153765,0.7239736676171946
0.5903979088514874,0.14046612269957223,0.3979266101922391,0.2606217244649115,0.3452638142827725,0.6436804338547346
0.17609833187507087,0.5573031712096528,0.3533493880599521,0.2514740404239985,0.6531155895008849,0.6126956151658643
0.2144134952920709,0.5457510286530526,0.05072572694001917,0.06537604892599529,0.2910242173354837,0.668025853547419
0.6204682337798468,0.36535453014272734,0.30633472593377364,0.13474702778851774,0.2338021345400843,0.5346683350698123
0.48723314496000425,0.6708629861151051,0.41579695609310235,0.36792437892214824,0.13971364271969205,0.4740133537616955
0.09620692451496077,0.3952074165281248,0.1395437866974147,0.22703277943248348,0.3414078851576169,0.7675086098037152
0.24965580347196684,0.030789867152891393,0.3773770333817121,0.39996256800329,0.17093524447224348,0.8138460223965656
0.34123779909224605,0.09330626753627377,0.4970190763392327,0.3261763046445611,0.1906811945575056,0.7397021786721718
0.4009150563139554,0.17707672965135077,0.2876241598573281,0.28069696603225713,0.47475199713646254,0.7118004126547806
0.11793590761943248,0.3793491631568594,0.3706800843590651,0.1162236913671057,0.2278723066238904,0.7396712186502497
0.5572754113921149,0.06868078016882485,0.09518768994290844,0.23478995187989815,0.7335526382102229,0.69811467947273
0.8914080836528059,0.9953181874213988,0.9220765341363932,0.9244261569615315,0.8766059971492112,0.10553730722498636
0.12295220654768162,0.4136695450777487,0.278146295348559,0.26760121607192483,0.17668811903475898,0.7300322132544621
0.715460162094405,0.8653566346800282,0.9968071816391175,0.9920450899722629,0.7301173752269986,0.013647958835572082
0.2709993961105075,0.29717445860101327,0.4058008070320599,0.330697716449398,0.2184478364945793,0.7050108284122568
0.27708902751884185,0.3428350213947969,0.2593481382524928,0.5617099280890279,0.10101288638186898,0.7079038293500641
0.301184192228817,0.3627122102148141,0.27796826934201896,0.181310208314301,0.23861091931218628,0.6782971557645905
0.14014940155761468,0.21909905560275408,0.19825305746317282,0.6858908944475903,0.4770173658693448,0.7650819401312424
0.07373378490111673,0.4451036306482016,0.2831897161437248,0.3916567327788612,0.17106206949410627,0.7358483123030721
0.32915651051709327,0.1957933982426413,0.5231085812547936,0.15417196488471732,0.22165429061826772,0.7236810501232696
0.359768584824016,0.28163301583135797,0.2504401121417567,0.13513960276801068,0.26870286884671046,0.6963266955402984
0.30977747327024047,0.25679337220434534,0.5203302250513777,0.5466528864957917,0.3766748203454343,0.6931562008090425
0.18035041428788406,0.2316133976124605,0.5296075897064053,0.07407156192071616,0.09267505946278139,0.7860448229105353
0.023244794050781715,0.051441016349912376,0.04100592637842805,0.07768615466950872,0.011862026690538909,0.99521820605979
0.2268526189451653,0.5085653670837915,0.2310545242295208,0.22654964328272748,0.16093928034558444,0.6639957707975682
0.6389059701703222,0.06033413097320925,0.1669134778305875,0.26603751537432474,0.5261892286895086,0.6459493815190743
0.24313915351568324,0.23790123202827781,0.4424343942968221,0.39659204855883273,0.38362427733445337,0.7348455788310914
0.21596804604807857,0.09692671261041898,0.26073931400144934,0.15461447655277666,0.5192944155906738,0.8082679840184842
0.24855717435847977,0.060319937967417005,0.27932696181626165,0.2146560154887973,0.17972366952713992,0.830787068009508
0.23747045971287373,0.1583137179882063,0.43123231147605434,0.3246983116637839,0.21509547180300106,0.76899943827268
0.5319284493276698,0.5457368651398501,0.6184962298261197,0.32322681078680443,0.34880362639882717,0.4585892293561507
0.39043892434622446,0.32101399505812145,0.6167913458565372,0.48060439626034945,0.44845549808871527,0.6156222787740674
0.16973758904288572,0.20672764758334097,0.22287843706978835,0.10122857399688795,0.2559172972848984,0.7986825062225437
0.05480114753161885,0.042738255462955455,0.08919936332493555,0.02413056846792082,0.06096328928212278,0.9333920930200452
0.25492632671059895,0.34483894080676875,0.37714997277171164,0.23800570962770856,0.12999944207697706,0.7125075296870297
0.28906082696293733,0.2594214550408507,0.3890278576616729,0.33624308859562496,0.22744816773398632,0.7038070050479575
0.08614893912331945,0.04279653135348607,0.07220070448585214,0.09647870051700125,0.05188151249369125,0.9646493485276212
0.18846863488275697,0.08463675760336362,0.11070922413793226,0.4122338048483853,0.2151007802104773,0.8384505246338685
0.817116755470858,0.7600358918352019,0.8596946245757862,0.755088918302897,0.8922317140154673,0.0788790578157261
0.5441384134079766,0.508866635638397,0.5278329487989671,0.38172973751352923,0.16603909718478832,0.49909143251945626
0.20749581324893812,0.30314958534306075,0.22218309827086413,0.3653684239384618,0.18221450299232958,0.762485518617804
0.1937947313120766,0.13457978259488268,0.343471082868192,0.20462394381476226,0.2730488189869431,0.810360233762334
0.39173659785710696,0.3316313332123066,0.18798396648747331,0.6351806933259991,0.24056033422670933,0.6578811335828528
0.0549042835324885,0.4371492459077506,0.21534294404413865,0.3723613586211459,0.26375493613711354,0.7364299126902306
0.016092434053786388,0.035838206335161986,0.03285246981914027,0.02591064598732956,0.016147952693898248,0.9677206385203511
0.16801384883050952,0.23304001896275434,0.42143653999441044,0.29661425767863914,0.3604599183939334,0.7615537883583489
0.34984513829632496,0.2479878320445071,0.19437548555330386,0.15757619139466966,0.11816949943607126,0.7150282539189284
0.06470899156806993,0.12669323395831505,0.41888028639270375,0.3558242947537577,0.39194220544490993,0.828250063769583
0.3992098512519557,0.3077685880300655,0.24466524998538527,0.4154737500998377,0.6087055909679603,0.6391169322157164
0.07017402449247484,0.00248464115854532,0.04926132260965741,0.08437898343671912,0.04040749468794461,0.9462033212914754
0.3368158164406375,0.06580719459774219,0.27263814817532517,0.05971881218757938,0.12736591616132706,0.8045182013630191
0.06737641995630066,0.017150685570966863,0.027625477167206803,0.09676452161421888,0.09553676493762835,0.9686657944682917
0.18674564305294103,0.2967456955774774,0.26217614532052835,0.527581964081817,0.43779875968686405,0.7117451303712722
0.8726040167215234,0.9051141906027559,0.8973020031469972,0.8009338689318032,0.9050107573199866,0.09918112524800314
0.8409724088206045,0.8056648757102278,0.9998948603021598,0.8032188503032596,0.9963783054556181,0.23246332877137002
0.15601939383489905,0.2647116332660117,0.28614794753529205,0.22210390190646243,0.25525527012825433,0.7830701057935079
0.4891720840330514,0.0877074561935598,0.2517182249942424,0.16383728460840943,0.40345291044817544,0.7131746135286577
0.0405952160464261,0.6901359529315839,0.6647077772438865,0.06836793861988981,0.21019173140451955,0.6336268833338163
0.5013100171730703,0.20327760906840087,0.41814750369085296,0.5500553696273576,0.34893449396752885,0.6390757487652832
0.125480123667906,0.42076461042140306,0.33947983933728826,0.11813025499849934,0.21057097831668609,0.7304206613265865
0.37832624698778555,0.23833113131040587,0.28268096361089917,0.34124448639302035,0.20073433101840676,0.6974119447309723
0.00014832904322502617,0.07237887713990297,0.09478373549972036,0.05947302591546129,0.0011051062639031107,0.9649341543461347
0.12136225357209524,0.3768287544948888,0.2732153556629588,0.2097041181755653,0.029080734908196588,0.7440150882926062
0.16476671994108208,0.26460301163029376,0.405384632935888,0.142505464893876,0.05859219867045071,0.7848625320378781
0.42106902306580285,0.06894583522849078,0.17767795083420337,0.3256313721604045,0.08623005313489047,0.7826059356799521
0.22306564310409913,0.5485966461127487,0.17664378731089125,0.17834400310546847,0.5515650936176975,0.6377682024324076
0.7475416808203147,0.12980562061255144,0.11699394254057258,0.12030701069016543,0.13375583016366277,0.6168316614407889
0.17653263115212867,0.08931267266217417,0.1343529035898375,0.14202581347554177,0.7845407599189256,0.8338284326913304
0.16939987569774237,0.3938653565365649,0.8022745393715625,0.20116228029285643,0.0667647006394876,0.6767206532375367
0.9891736627518464,0.8889440991172541,0.8915140261960839,0.9538201457061463,0.8648294787538612,0.1944476717591831
0.15521976788527783,0.24098901999865366,0.3452344434626082,0.033569362796039004,0.17528423527054293,0.7934303088831018
0.2516719879928031,0.16933246796658433,0.34150805702785914,0.05195070157538229,0.2507471167495951,0.7607839865351919
0.6988438963940432,0.5026823621751266,0.6090976809671229,0.26598560250824504,0.3616181376600165,0.4280538320222213
0.7315565787596887,0.8859078892416753,0.789469758263598,0.9270761088256914,0.7814912148103604,0.22034099462770856
0.03586107451957101,0.2753367499887619,0.0529019661554629,0.03812956138683773,0.5568197064373127,0.8271220798280189
0.18689261626561332,0.08967820273199208,0.14899848707478672,0.467441953678601,0.45271769345714724,0.8394355357039839
0.28021975907890234,0.3816464134853107,0.3601359006079998,0.14003799941705322,0.20726795057635666,0.6858809756818421
0.5039853388745347,0.6643600121050333,0.3090944783111693,0.2638434950800213,0.4198662585376976,0.4583775431722804
0.2905356993774629,0.346194635801836,0.28660457908397485,0.4361157020863148,0.2181064794182085,0.6705031179136962
0.21370325400439458,0.13808029814033712,0.10690602025344839,0.16061664478519663,0.16779174184161316,0.8348023392397881
0.17420404077010232,0.4184777921965499,0.2356923890757274,0.4290238498749736,0.40647043347393924,0.701192350368172
0.8483200147922367,0.8354455685167311,0.8797566094681488,0.785738005691692,0.7072677653834163,0.016800734143013762
0.2659319496638474,0.16100035831005674,0.19661572080223208,0.3391762982250558,0.3667001402462171,0.783535263989519
0.4020401338219225,0.23602812881414398,0.09303059877690002,0.5009945590903075,0.2502040491095001,0.6929653943791747
0.1054043592980552,0.0651676153764368,0.4344580339843412,0.18519683378557994,0.45789394125652877,0.8610982363016241
0.8018727510772906,0.920959980166505,0.9920218876140008,0.956180563430833,0.7864137336197845,0.13412039962650865
0.901605742977565,0.8191736154360862,0.8415498824942726,0.9823140552477692,0.9008424784426577,0.10967238198388758
0.07851743073924757,0.27688581282960006,0.2470217750399473,0.036356327599789,0.24387800363277637,0.8092298631566935
0.786173907680509,0.776223665602515,0.8217891486586116,0.7164624193656093,0.8217826933820668,0.19321664302940592
0.02607986352623497,0.02379428461093456,0.0909266592737561,0.09838803609639979,0.02948893278673509,0.9440266342911781
0.058409887296408405,0.07650510965364443,0.02734697621048108,0.08109000406917789,0.010801818175071132,0.9265683910701031
0.5491671814360513,0.28446357433225194,0.5328752367635584,0.11576356334219673,0.07244970532380247,0.5988572236059421
0.13208665662881736,0.1430766139125008,0.15173760053468255,0.34667081028304386,0.3552183153243425,0.8401863653821597
0.03327165434401591,0.0460764635840778,0.08042596370353705,0.07637432175315573,0.060878442663741456,0.9986707571768763
0.5146805029932751,0.5515533737822935,0.18111249227568443,0.23758527792191111,0.5986652229751166,0.5182524916397615
0.40089713682600786,0.05809439974809887,0.32006653414047725,0.2798402673966312,0.39541114663500976,0.7611147143047143
0.2842255949831302,0.5700615924045667,0.30746867677638734,0.27840615074522973,0.11685847998567643,0.6016527353738477
0.31754411011338207,0.11293588217016894,0.35360671307020314,0.13356483951349502,0.27774384378071676,0.7631119105830559
0.13848346987034896,0.19461884064280388,0.10828026940286958,0.20717101512455321,0.1765114205714883,0.8161202869968948
0.20097123645401038,0.08577142016006911,0.47248902228830947,0.06699765879483698,0.1513589268677712,0.828938870557133
0.8759079890114831,0.8956408408481845,0.7328228993062443,0.8512568846481245,0.7817155306907914,0.060436372135234104
0.2295611941890383,0.11686779491300536,0.33932387726634367,0.3675474346879646,0.015618854933663065,0.8094251591263523
0.2156860757163646,0.21680450701278042,0.17752811643867975,0.3492835656745253,0.602411501178401,0.760650881638837
0.12310958018220286,0.21178636592201486,0.17717199773211506,0.283062468350205,0.328295729300697,0.8253456194666122
0.5160624858560737,0.043880183634739924,0.4677569217979861,0.6674449676210172,0.11958508246412057,0.6848313872631594
0.2623139249573352,0.3386460302750883,0.12475922708578177,0.025684789850033998,0.17709942195310435,0.7404923762380689
0.7132323560409455,0.8534526480622961,0.7280030191843453,0.9957293134331702,0.9313514241598532,0.11543896212021403
0.09595128593448145,0.19904814332855092,0.5819867335774735,0.44815414030492096,0.1482314617425181,0.7843719687537081
0.340353357371217,0.4056814305035176,0.21593341758065662,0.48614957272452075,0.1663358711629749,0.6405041894874216
0.7049102750507108,0.909982874482982,0.8089488940879903,0.8053321709375496,0.8303160109598201,0.23913099693352974
0.1620025771710848,0.20163503718930478,0.22057976998740242,0.5734981781073849,0.5174988202732921,0.7861761501716477
0.19459935313145535,0.10861864044831922,0.5710254644852027,0.3409288653564803,0.46980059679555325,0.7884625068082254
0.3889033363849212,0.31171191025685213,0.5974583162506674,0.6887857214570348,0.4032136759696857,0.6037199389860489
0.3240072686151163,0.3436637933482627,0.473626641583964,0.43971803323025194,0.11622108269912496,0.6353388967796526
0.05696068686177275,0.3871455564326257,0.3126435393378942,0.32805045843597486,0.178892191345342,0.7491071054176178
0.5068443274386882,0.2513563211188336,0.3005041700262088,0.21921144067482276,0.37104804012249,0.6345271040782718
0.30439250526781686,0.4210462628239587,0.4107352272233975,0.4228045287811504,0.1587304972259659,0.6244964998062037
0.2972452247392276,0.21089291942318167,0.43505516450198584,0.09446958897481902,0.32507168373366513,0.7437097232070158
0.1367056096153261,0.20801024460657092,0.27261275392014195,0.16442571654516042,0.04060566581521621,0.8165097512067482
0.44914011712217095,0.20767257920954887,0.4342930177726528,0.23866063424827758,0.34364497526506105,0.661983536926708
0.25181479605739426,0.311709240755322,0.3221333115432539,0.4996204589849141,0.6144811912499701,0.704023962888562
0.7872530371749336,0.7060354536061951,0.9801645819790015,0.8351724083499117,0.8123433928964057,0.06605167408151616
0.021528632949575768,0.00956337692313235,0.08504586495830764,0.05780616814523051,0.03599600839875342,0.979209114584561
0.23253705235538352,0.4969022184083908,0.35708752829709783,0.42778426844350276,0.3971482055593273,0.6334801225548448
0.4841625365767797,0.28397919356238804,0.3476716641682339,0.48510833944212967,0.3144493237711751,0.6104363843501308
0.1693257626556566,0.05688769253448354,0.3558459481234628,0.29223742499005617,0.6003995408220698,0.8369100725275007
0.07477892700140167,0.5588448380203992,0.5913279243641714,0.37120427326948285,0.16822536882460024,0.6625733231156219
0.18524232349219433,0.3775916054960437,0.08481016545829065,0.34279264647092594,0.3916124008714559,0.7283105311503825
0.16796351370450527,0.07760130821387667,0.3441477117787755,0.49132006170840375,0.4448944185644261,0.8269589110022167
0.2763354949660545,0.40784395417658337,0.49421498035082845,0.23898450663450982,0.16600146745485753,0.6632468899833893
0.13097855154707988,0.059444605087366834,0.3466685491786914,0.17174946796483187,0.2596979993544859,0.8578784458476134
0.04335894182819679,0.09426919095686669,0.090434946673356,0.03922178986746147,0.08468962814491164,0.9568951090622306
0.08993538353011882,0.2255928044538498,0.13684284185631745,0.24153125180346915,0.47801206567180093,0.823271684026875
0.3465590425511273,0.8000530630268351,0.10941327244188366,0.17167792038623245,0.25245918201786693,0.5100393145587512
0.16499025374641893,0.13557454464881025,0.202647412607397,0.2823529642476745,0.19873343026957924,0.8222986639303129
0.1454381844637113,0.5494577882026809,0.34560547293420196,0.07186876899903669,0.47671196871111793,0.6471992941605558
0.451163889216197,0.41518634076906497,0.2590137047446809,0.064158075595507,0.614774135772146,0.579063686828591
0.5292063498589319,0.13556328441444365,0.6957926284862953,0.11923155181353683,0.5666794710577278,0.6541479103727807
0.37717719713879494,0.3158414894431482,0.10016800673495689,0.6062054874171865,0.07592043096156094,0.701352586083331
0.49771530922633084,0.5701077363048551,0.24386667358395692,0.21390205450281577,0.4365231829872941,0.49894517354241785
0.42318456662924475,0.362412470041058,0.13498358819946135,0.28084789227180845,0.07820743291383517,0.639166908625187
0.21733647489695554,0.08594436945061566,0.07527827728208349,0.47866597619855705,0.4938159931903487,0.8174127550372792
0.10549743468741869,0.05469307963622888,0.7269730308306553,0.2965740156127534,0.5546716546071596,0.831735504822547
0.17711581607683305,0.43398413035096833,0.5022854563274507,0.293180993036094,0.28160548269008234,0.6828441153647928
0.15601042342477014,0.1612453190505989,0.2971683453967371,0.1258750374163542,0.10753511164384111,0.8533848680232865
0.8349021837850398,0.8806710723509977,0.7287113158482145,0.8480968554039492,0.9390433386418261,0.16795857761448854
0.2382117203777517,0.18227065441867055,0.1555426985605121,0.16527261635816104,0.07188262440994096,0.7974216786255982
0.04443763713492062,0.20804987411960596,0.14329564716280618,0.1578420745404379,0.08885678317932914,0.8728996674439011
0.17743415640634938,0.20317336019985935,0.03299290464048657,0.33981940328378607,0.5130281123222538,0.8000772230296375
0.055669877332455,0.05235964262691167,0.03783861561022024,0.0908835372319164,0.07468154041503854,0.9730838472798915
0.016162313090388725,0.0883747961179493,0.0624590579171343,0.05050719115454885,0.09785788304733571,0.9884497789836787
0.4563029734443914,0.41555497260120156,0.21968309593897664,0.12815459297244783,0.5068272762818534,0.6187397183388724
0.11099512270858747,0.14911219575772644,0.08533670527205507,0.16781076170007686,0.20007326164245762,0.8702313198086168
0.524107383079782,0.15909719478502557,0.39617190223592436,0.2390338916585785,0.07382520268787188,0.6608257278477224
0.2494485341513156,0.48157914618094244,0.3446399442095684,0.3338179777733217,0.11580115888961236,0.6477387082688881
0.35765966969172464,0.1397835823791204,0.37984693938633846,0.1603738664598382,0.48250988472395334,0.7381506667989177
0.1411241998676989,0.3562642082791719,0.172934211155944,0.8359192541149242,0.7458903920392346,0.7106645244011157
0.25621935561558057,0.5183704700150183,0.2363150168865669,0.5796784116297092,0.1855929423276124,0.6337277027486169
0.7712820960522268,0.7547660047651268,0.8756517266046232,0.8465613491505073,0.883553892579541,0.02143324605015917
0.07591671418798063,0.026872445459980854,0.0021796468232780477,0.04908175402648322,0.030374791767759948,0.9440437050455248
0.2639644320402215,0.17483754679405497,0.40355215434352004,0.10761015093170452,0.30156470065785795,0.7623517204892982
0.22351415888456408,0.21954898136087586,0.28141254026452167,0.5777163303593857,0.35729335677593593,0.7523437515236608
0.27642704708167387,0.2871507850131706,0.3163862220020273,0.3712883891886783,0.3454252891978468,0.6987840021531133
0.32112925534140707,0.17676556883835243,0.4300521099838026,0.06984142610443221,0.11984073224839975,0.7632950430108686
0.557406885681536,0.3351864697934225,0.6280066132168886,0.4086851641362715,0.37674806680199024,0.5462982373489358
0.16218908617481992,0.3777862465574727,0.2649257484081746,0.10609664245785648,0.4246079400811728,0.7258004298703739
0.15480747939205203,0.7762620302354122,0.08785708326816596,0.15054473955521772,0.1380331327585206,0.6321596163415644
0.20960392282734935,0.48534863873533607,0.032192577077467865,0.3942433551866915,0.5451598374352707,0.667174113709124
0.10686653718771086,0.35980030333131907,0.4675184562986148,0.2216970399514422,0.2732420041836342,0.7381404611776216
0.36441921405229005,0.255745785101843,0.19541807959793153,0.5494777631952761,0.05258847283881257,0.6981283265731953
0.06985421523280302,0.2215783663601519,0.27001208282399386,0.43473559890736285,0.11712775781669497,0.8292503446871115
0.017062935370143563,0.09476590098589605,0.09679578076055714,0.06415957778222989,0.03454344322994487,0.9469645901144204
0.28165155884564697,0.20633772657871807,0.1394256153245207,0.06692577506646,0.1920776109644953,0.7852832825117748
0.37944115369394515,0.21003909726590703,0.20467250533018946,0.2198953724889633,0.46547013954731276,0.7182205330467688
0.045659631002925305,0.1405409611811266,0.45741571313027257,0.13768140248023736,0.40499907295607374,0.859315482828465
0.9171491742552649,0.8937263693627022,0.7115339457364549,0.8977660792828236,0.7277283967893616,0.12487250806081146
0.32590294062100394,0.11974015409509732,0.5793943185256402,0.413745432742641,0.10001175543209415,0.7336295265435663
0.0014766371595495876,0.0408818471377416,0.08785777080737261,0.030374146445336172,0.09497767008861185,0.9502615766188691
0.23701367390107056,0.2113100941794713,0.09055829063333541,0.18293199574692304,0.03659757509267189,0.8027944955230215
0.4243518655493258,0.2790837731559021,0.25213775890773577,0.1851961807211453,0.3168569785136998,0.660290896015127
0.08562414646201938,0.06119940065800433,0.0919301306536621,0.06124930921810058,0.09943768997177854,0.9391250981629337
0.3299114686361586,0.380635444359141,0.1607537363691511,0.15011822038226713,0.10785421347758954,0.6828596641298833
0.06675553056618239,0.2741127887693433,0.3168442899609487,0.31021303889068624,0.5860021225195468,0.7923777261801529
0.10571078303232644,0.33626273948063345,0.22523577239082,0.39604793601827976,0.29027050072582467,0.7713199957095594
0.8538271846767347,0.8691877176964948,0.9660060679505185,0.8173895688122241,0.8222879115230122,0.16838893586378156
0.15957134377575063,0.30778350740906385,0.4642980169188411,0.39260186799264285,0.14298325668924342,0.7482220675345079
0.12287989871766325,0.323484444367652,0.4276369660208155,0.24713080290270628,0.09285085376701938,0.7802015795191104
0.30995644773932673,0.22464606819846733,0.38324757633264467,0.5056510598194238,0.48880841031479194,0.6945994048340535
0.5006741240171694,0.5467485698375771,0.655737441456355,0.35435846220845735,0.18914684332584492,0.4862470543605133
0.19253338124350866,0.31428311254279545,0.18945112473357392,0.30454877823437904,0.27460063941877433,0.7441386937997299
0.7408979309498137,0.9313796870843791,0.7023801226293918,0.7530552406148098,0.7058397779222113,0.09667975872999486
0.16580692395614124,0.13052436193575317,0.5201570893634037,0.40626337732093126,0.5253685691926254,0.7949854630478208
0.44532573170634104,0.31217421547118535,0.3577428235273059,0.1913507464384604,0.44031809609651085,0.6217988311643263
0.28710346659034747,0.23330713668704772,0.5222068727042537,0.5882302969507512,0.5695998493499631,0.6841459383883687
0.20515210248463084,0.27332760428748115,0.19817666007667767,0.13140636924918048,0.12238680018958613,0.7733503879591025
0.3569482999794101,0.05546448431726313,0.32466308262823035,0.3421803888497404,0.07508600276143602,0.7836124493696592
0.08720531597496316,0.335958568043282,0.31321707545127386,0.35267754732805545,0.23737830144277375,0.7670495707985148
0.23791157291652001,0.07564832883051964,0.10374551979968041,0.41586194249429126,0.6346913541370118,0.8198812591322843
0.2125906368597829,0.5203428523217881,0.28061105954616833,0.09190014719195615,0.47349261616144805,0.6609050612217903
0.3380474712276761,0.17298164471428681,0.1479019717560488,0.6731422819684382,0.38603371263757086,0.7315798367531012
0.9614533784894662,0.7724630370031432,0.8190505154919296,0.7708619100573967,0.70076269065997,0.2882839614895971
0.3479181328972756,0.13642264127095033,0.15043609939331473,0.3825946364228174,0.13793694826413405,0.7730611302089768
0.42219960770511694,0.02974675073186208,0.5917975031405237,0.33442230387592037,0.35685488396813586,0.7179856558997032
0.24249642318363557,0.12520107844167114,0.49620099615673285,0.40559690215959104,0.024719084133871205,0.7860802660890505
0.7208519282399483,0.8907516606845515,0.7940149240888199,0.9054651711450963,0.9257690931448657,0.14987336352833722
0.5685546252018754,0.05539188978329163,0.14072606746430344,0.08479521253771966,0.38760263490959723,0.714878792990017
0.29393240112032726,0.6616419142429724,0.19881005828587273,0.4083762741123382,0.220321464651856,0.5568569006939101
0.09003009356916752,0.07598878821135385,0.08717752398510592,0.07012205734530481,0.09970379567816068,0.9493691966103065
0.4348483136027772,0.15725134587828712,0.5410692470100489,0.2963603096619641,0.1720021029864294,0.6730668403575217
0.24766475341982122,0.4359646646214816,0.3085791985995889,0.04554103967463989,0.17883856838186293,0.6831851952627758
0.5915252921662858,0.21861854038476597,0.5598592354809855,0.6527398732921327,0.43126315012862304,0.5509861334899587
0.49414273786873564,0.3697019535963749,0.219719104229847,0.11972519667588136,0.4306784065176498,0.6165955669616818
0.19275092244199293,0.11171762033148855,0.28355178706199263,0.1527817261880466,0.09777338963534124,0.8528714681615579
0.8370649074688025,0.7772125385020963,0.7259454544122768,0.721199426215061,0.9801451780657273,0.06072100905800932
0.4548274324248505,0.13287196660514045,0.49519430491368843,0.3504990126538595,0.2615335856880337,0.6880418877238658
0.43203347294911104,0.2539195946619572,0.235857005177978,0.4423227507773537,0.39248021459737015,0.6573345961348074
0.4727380263938699,0.2505465554854541,0.5350683396345077,0.11400211363574399,0.18616688517041363,0.6472915733068529
0.2538973946761992,0.49527294697642643,0.3423446927502948,0.6675987075813596,0.39500810081286647,0.6287307413541005
0.28572136176326274,0.2912484981018359,0.14719657947643808,0.2103150948838764,0.6084738445093681,0.7174071056643608
0.2317922806044498,0.3089614168671636,0.3453059930866249,0.3825887153609633,0.1027545941812866,0.7172450235982861
0.23320414628000993,0.41543966926022907,0.23818103436197738,0.1868157594404644,0.40410554038568053,0.6802737822699731
0.16973032592208812,0.11849084709823264,0.41255902126308025,0.5370698446160924,0.10337783734499183,0.8078942576051567
0.49151217411248727,0.21102563531309146,0.4771036821827574,0.18066986828289544,0.39824724128556493,0.6350512748296268
0.33195877515080124,0.43572106658117443,0.45335595913752147,0.22049502258774342,0.1530704413814633,0.6365164616928927
0.34270313402458813,0.3448062034825077,0.33977520050839144,0.4574501286938954,0.4093188033574758,0.6561347227185412
0.47320746037150585,0.22377002011468838,0.21690837033903793,0.5138742534212652,0.1725289444159371,0.6777943031647689
0.057826174727944005,0.3923230728224971,0.28655818143881323,0.3938318649381349,0.15768210584391626,0.7594611987373487
0.3342823374545915,0.17338244715739407,0.12634447497127146,0.2654572068224727,0.2891076325063739,0.7681139607608268
0.5055663733930453,0.17524361665573016,0.6205786203578921,0.2746013143623585,0.145715318227195,0.6614349466932496
0.9277367301552032,0.900631405842133,0.7571562112172968,0.7910047707942921,0.8737724691673276,0.28046668601607344
0.47637186210417104,0.32767660068665794,0.36309886699862,0.5138985279425177,0.09630215361974998,0.6066880473546272
0.3351520189164386,0.16711142591087105,0.07344629555203307,0.14912390863927047,0.0895219776141536,0.7787362453438683
0.31131126560378347,0.5072443893752041,0.31269127002047875,0.06286446376110859,0.493129955192512,0.6217317939058001
0.9748313070890006,0.7075899848244889,0.8710961276344007,0.7306371869225414,0.8203263351121842,0.20913456310319262
0.13425930596426694,0.1432928766191279,0.5866898673762792,0.48990534330701735,0.518692405084793,0.7625746662542404
0.04261251654027319,0.22609431128064383,0.2181489288132697,0.2558013609905288,0.15106405595653918,0.8436634030499014
0.44024925150934274,0.3827662038851959,0.3738712781910477,0.18912520270087443,0.17500360593094857,0.6266553035205882
0.1195934956640864,0.3275591521471831,0.3641556485874335,0.17227034960391113,0.5801925619676885,0.7385801005115689
0.2000779313230957,0.2013843033753719,0.10262499963047542,0.596957097881454,0.10467208832814744,0.8020532672040882
0.7007817975708072,0.32722439437443834,0.20035911075582338,0.5051257256091591,0.25704455343233956,0.5363887020366754
0.9706296041220968,0.8124077822803434,0.7742895175919806,0.9607618608880755,0.8256327516074529,0.20671058071164977
0.34926511547555156,0.38342743074743796,0.04351714767079362,0.41262517725989456,0.4912398841233086,0.6652784167652996
0.18348662812958907,0.5357621303437162,0.37054396247178206,0.3568908264073179,0.11608629637158298,0.6473309299123138
0.5023166737897836,0.3981384598017331,0.0582322434459587,0.20060515037269352,0.35686677011684564,0.6034628762508165
0.06245007841002178,0.21978517967854128,0.40488157545517656,0.3514503358378226,0.13880111329515962,0.8186509767845935
0.4354437700393007,0.14595800365041584,0.3371967111648457,0.23552237217047306,0.7191012068963455,0.6882410130616491
0.011189877088356871,0.09280161448364344,0.0643294597766822,0.007080431401140031,0.08056925660713671,0.9991413579452288
0.6257518883853295,0.31317864588270555,0.034179882498029064,0.30367097856512937,0.25889709188507437,0.5977057635999015
0.37700811694720254,0.07279945546349904,0.5790987323420369,0.35512116757100826,0.1487219965046335,0.7541998318791807
0.1271719790497805,0.24878704638109742,0.021636186230012292,0.2518767942426881,0.47946034873127524,0.8128593019572619
0.27435287356315835,0.614137362486961,0.37181949924650093,0.3072066004178696,0.4798325360306177,0.5668465989915923
0.38256661568693123,0.7882556817328998,0.07198274364928571,0.40755491812851713,0.4171439885999152,0.4839734209016049
0.9328510620486758,0.7399811126635184,0.8586234582897658,0.9140429538167933,0.7544299110025983,0.12008981843576784
0.2162905367743838,0.07514442131067368,0.07173448803359148,0.46489208989848824,0.423601625067032,0.8432614778263487
0.5209740341645329,0.3536164622368943,0.1911822205924555,0.40031366899406434,0.08715578317650893,0.6059934288613128
0.279074004926693,0.06744657643777896,0.35262052648609543,0.3547444890961584,0.06095794891710681,0.8036757828006906
0.48498879957497276,0.20032111535032143,0.3203289335036795,0.2796499407558181,0.2743072029013742,0.6524060041669997
0.8872786846668167,0.8239283890083228,0.9909478934173994,0.8220244987599865,0.9949038491968347,0.2598231073095441
0.37769730827879666,0.3737883036035394,0.4892162879106885,0.38888276758326945,0.5800643832966726,0.5900178879168279
0.45526763848906865,0.5367684871602825,0.07776580366111485,0.13285135802044387,0.04211006813145649,0.581187622936983
0.564636774420852,0.07070074767545413,0.06693668248372472,0.1980080404718287,0.0918723583081578,0.7334524844538922
0.13525495524082082,0.26252754864347727,0.07358872677463947,0.08820383246735246,0.17799510979221717,0.8304269906413206
0.9155666283215105,0.8599399749710843,0.7642866484829184,0.8300053523118593,0.7969636344586273,0.035044681039982574
0.6277239733678208,0.3876762625213467,0.05487793007312502,0.20970356706317062,0.5648289611005841,0.5617700107463779
0.42330626189328024,0.10919822608632554,0.2765015307809034,0.1536648272142455,0.2884115177032278,0.7207440866618128
0.05722135039287221,0.07527145557623337,0.04679207510746686,0.053204439728913526,0.032294660067768634,0.9027809975928758
0.5237323534287259,0.27947015893303484,0.18463510876037179,0.10853152728888302,0.48876356870744414,0.6219023601776181
0.6843643932117193,0.0432139512911206,0.07941977595427133,0.1012190422796986,0.44144167592983685,0.6769016523052395
0.35926527588984386,0.45600969371230904,0.43440720130589544,0.18171402695742317,0.3143558979605468,0.5989908583157423
0.3939614324212918,0.3555154040534275,0.2542719462495446,0.1734663958012505,0.37129779823088005,0.650643872501455
0.3799956547644613,0.2540010043860204,0.23485852368196153,0.3327307624917065,0.37939367968997606,0.6874879598789312
0.06098142389073653,0.037646590486116106,0.08860799157916123,0.08991237809853529,0.04277297543159611,0.9703506060644543
0.43722711473977127,0.2683546028992312,0.2874294678290186,0.28274419905322085,0.3269633573724551,0.6831886951180605
0.014817554652015863,0.05115608997857596,0.01684893383253896,0.0691474045235888,0.09104425225283874,0.9700739208625682
0.3982612864989766,0.5245525399218373,0.13435720167963797,0.5116466335860227,0.47219894975817767,0.5670509929910678
0.07765506645751091,0.5298630104394599,0.14032315589266647,0.18131144817748138,0.4339960487531948,0.727523641717853
0.12821245493162958,0.5173829126297903,0.09460121573037719,0.18811659401533537,0.1646110192191102,0.6976948740611941
0.21425064305656616,0.5545594994567341,0.2921855298719455,0.4867358646297296,0.16961362094314533,0.6246342513628594
0.18980885239554654,0.34768449567720106,0.39472342325577475,0.09089750700399446,0.0678958937402129,0.7352819452948341
0.8266048616093717,0.8996619396205318,0.8793878368335476,0.9191180010806786,0.9380490274411628,0.003613915480079066
0.23408313613509113,0.4785689783801049,0.23424657073969005,0.5644788766022583,0.3726914412408232,0.6372664685814105
0.10047468691113758,0.5470564064080196,0.21113316373171906,0.24934709585162407,0.21878527445457707,0.7034274255727105
0.1752910699720822,0.435449763740575,0.3261122880055661,0.13777708890667503,0.4425781036656788,0.6940530361582256
0.31120624590899987,0.4423300474683553,0.3384404407091036,0.1131222350238645,0.1022202251217395,0.6526083016125986
0.30725814341699853,0.19840328439622948,0.1865579952353074,0.3348848145872984,0.061122485237653595,0.7733725904312391
0.31622983906163077,0.45010169645376186,0.08251243602043716,0.24361836926012742,0.5229390298952857,0.6424241242239814
0.9736613900166669,0.9346632843139655,0.7870161637597476,0.9236925368994933,0.9656777011846097,0.09171459770748379
0.4992607592612914,0.5123593069981472,0.14932989352665402,0.2898005741259501,0.21291366322770172,0.5525426672606607
0.37973287476095796,0.21225176261207443,0.2940920432419595,0.30143811345969107,0.02222913818228204,0.7150892820762146
0.25879512048478875,0.08463504518972834,0.1113623041639482,0.17482906082320754,0.31586220853016145,0.8193515828593737
0.21720650202910807,0.5882517153186474,0.29796002627594553,0.4205244331958652,0.22265076492916944,0.6013088397517535
0.007048310801343516,0.09571200302613087,0.06282118675424177,0.08502724139349958,0.08857941652325872,0.9532057560244214
0.3024225452045582,0.36764120860061794,0.6720360456505875,0.3457756586096452,0.32843131423815314,0.6132980266750689
0.35324383153672906,0.33465373821530187,0.5209770552712443,0.42734395106036865,0.4476191073963981,0.631553168568519
0.19600880118123296,0.20812464152938792,0.7877597797714743,0.4852020490956276,0.17166478837025323,0.7235776349234103
0.19460414633823603,0.4111480560393435,0.32960758112743166,0.3478885511091412,0.3990509490274148,0.6982326933551312
0.12016596269169015,0.14191934382907426,0.3203991660277879,0.21262914140915565,0.3926423943982121,0.8256115975396752
0.2881738348704263,0.10186951289102456,0.11593368930542429,0.27938739666776213,0.03597107457012434,0.8140446264163798
0.19451076843381124,0.5076112988864281,0.5176796235037918,0.1289760023861597,0.08750255608387622,0.6687373193215446
0.22190174670034968,0.43600669874370535,0.15866737559653435,0.17910200887105457,0.13263806499927447,0.7142830866622362
0.49244241405815076,0.500990826300766,0.13622264346660545,0.19144965965355684,0.14828373251255944,0.573380935230417
0.08506599782258312,0.6255800618970409,0.5324184085143704,0.33617883068226434,0.2497121347717356,0.6228576121916876
0.17078468035505964,0.1286465108658096,0.4065573410406865,0.046133779041737044,0.45184465037469174,0.8205407143291497
0.04006266661377115,0.01695437308267497,0.09226833731493525,0.06479588508875554,0.08317292113006397,0.9656613570811617
0.3146017534698956,0.25302961276328106,0.1395869923504209,0.17357043129153976,0.32477163812652554,0.7288720580535082
0.5591300431761457,0.395338798610309,0.1629939332889272,0.5296903780249842,0.39160008624477527,0.5691613383846115
0.05690746574113332,0.2104667099377071,0.25485603226535447,0.3395213977252459,0.2775810546036,0.8513730518096796
0.5215862971395819,0.4774167612061652,0.3722087641782962,0.06638161121884865,0.159572221336976,0.5430138292466502
0.11091117446247269,0.44418465917327227,0.438329583239428,0.32844863521173884,0.12191509904522443,0.7287712713816289
0.9027222952291734,0.8231143795520929,0.7204091583890567,0.9200222751439153,0.9815111114044084,0.09529289365472905
0.08232379528839835,0.040955771315537536,0.2136244086930867,0.30553183211970786,0.46090265240201406,0.8988314173716115
0.02033762111179792,0.23141094790966152,0.37115603872582065,0.19732663857990612,0.17037844701294821,0.8621124187412302
0.515099224706211,0.6130197916307853,0.25458132967277786,0.3265574868195785,0.0511671889156832,0.5027791076370821
0.1524295832997067,0.3956611047400526,0.1273411690855936,0.41539806590077316,0.3363146011883019,0.7330633246370188
0.401561690342304,0.5210619484313191,0.5275381718181573,0.7235636779362553,0.05152072586724446,0.546677022409402
0.06226040531012761,0.06065882592940032,0.01537554443754864,0.024251985908753926,0.09361930728663616,0.9403594639325873
0.5676055160091945,0.044614010041864306,0.1393563338970994,0.394116860021317,0.14874018574704637,0.714233103743897
0.207457529958512,0.2521358998199387,0.19206001029005132,0.29318277691830447,0.2671772714050668,0.7770324189812616
0.08711097060707952,0.026938344923423476,0.0542752277749765,0.035129227611721874,0.05366058413535754,0.9168452952312233
0.011537860960390401,0.09007401469622328,0.0906856236116424,0.07725673386243334,0.0829815980669154,0.9537705391079373
0.11978721348434995,0.21775054333991825,0.5228434492153491,0.19988172687280123,0.27440327817774174,0.7822015293302884
0.4281637369757693,0.2722191385988028,0.3364544538499196,0.47685798609688296,0.033316012478051896,0.6538802332498321
0.2805328520070296,0.07971893644850808,0.3993169778937382,0.14568671042335968,0.08280096807581008,0.8142944329621997
0.025530459181464824,0.31511942996042375,0.3495126525339249,0.3134059123144675,0.41422162673840435,0.7916726878820344
0.5758838933798938,0.11719843846309463,0.11818892730334715,0.5296160859985972,0.2818603520425163,0.6642658145464685
0.24667491342653283,0.43345160991557874,0.354386477713073,0.30098112960454604,0.3599094906877156,0.6505932190825316
0.12659141193795395,0.2693989099130439,0.09129545879625016,0.46194604312422655,0.22341779491550057,0.7940291900784009
0.07690526282307505,0.42534495533628036,0.34052295764918755,0.3957423393290759,0.6950264435461273,0.7196816133617449
0.13178659947560378,0.18027433672205673,0.1999153015558535,0.6919867338180704,0.14154277033502216,0.8046072150676102
0.34235225040309447,0.3029712061810421,0.20430894350670684,0.23158017730197122,0.7245161017980309,0.6723615172691431
0.04701056345089835,0.010119460423117078,0.08161035004634257,0.09000587977521624,0.04640184322258098,0.904842316830458
0.22902080143355766,0.14891352754931825,0.21836192652730818,0.10187780646118934,0.39435935082245754,0.8057203538473162
0.09798736518515413,0.007040493765213762,0.07759849496609472,0.07555469525215501,0.08062636724149866,0.9643108762188083
0.09119585896786053,0.0627820140776172,0.07134602869103494,0.03469752384423017,0.050262768448523454,0.9539018222013788
0.26083444259376065,0.45316657436089197,0.14836987088452683,0.32047227304968645,0.3325130843129514,0.6700871976214575
0.10952628416623476,0.2717293170880107,0.2833822216448376,0.33957479031480414,0.08165785973615258,0.7979446448554074
0.25085125200039493,0.22120860593102892,0.02662051009683436,0.3164013365162272,0.3350053028140554,0.7712826219174105
0.46152626905013167,0.2904617287029185,0.0512555621694255,0.25350349465231314,0.12202690983781395,0.675806875305871
0.6224521206393593,0.20621223501165076,0.1297818802497474,0.7217589182389644,0.17769711719929984,0.6287812595466198
0.3984798933684013,0.2462402237535037,0.2844922253118749,0.3084800074331717,0.24548385242354806,0.6852741259205619
0.058734322284688646,0.3962047177854964,0.32017920736107164,0.4165771219177548,0.34707227538155583,0.7471323213134561
0.09968586243360074,0.25711633771908127,0.34838790169954836,0.20322286919596266,0.1299578790188347,0.8019935752478238
0.023439488583354776,0.09209663889160298,0.018068595269830023,0.013673106672115899,0.07888060387483585,0.9877324045924748
0.14049481279644285,0.4666854687172489,0.33656368572057016,0.14899819444499832,0.37018200153923564,0.687513719617608
0.18135617969878268,0.1069087918840631,0.15678942462304477,0.05311660868057616,0.5407854143163051,0.8405344311761643
0.12077322769540527,0.18712108634560673,0.26655393970497215,0.24636273598880387,0.4956003849770416,0.8175469675707222
0.3803905055871858,0.21889915891570902,0.305547537793212,0.18418493152049856,0.3353944140183343,0.695269198922269
0.009641930867461613,0.03273146511695351,0.07670793221114919,0.0116413010175357,0.04181855219594928,0.9727794370483027
0.3442408863859198,0.2882745276634124,0.042591640035659094,0.21956306163816885,0.3948065124154753,0.7276286005686124
0.06911175326513301,0.07960843504349158,0.06361176569396264,0.021798292130558828,0.06180638356352548,0.9747826659226297
0.22282399733200586,0.08052361843476118,0.3528597512878001,0.13915331545969806,0.45807858719991174,0.8192269805031831
0.49661588793271977,0.1712413025539704,0.13558358865909134,0.12777911422799898,0.13681200446720393,0.7102251004318135
0.0493518914956079,0.08421284385924074,0.015441274440816267,0.08863322228960527,0.053831705000862144,0.903722217044949
0.1766046090707247,0.1411433759328875,0.11264654303555172,0.010135925729008474,0.7228958154309791,0.825666256743991
0.25806347299908466,0.3385241855634498,0.5431317384686082,0.1616374534515722,0.2554818227671764,0.6954659717409716
0.18946469672779903,0.5368300959147096,0.1337273894343943,0.3084891942499756,0.3056368993269245,0.665574894565389
0.04771548523178474,0.09937468432024701,0.07173755176047124,0.08054259890591153,0.07045012317480519,0.9843640616279279
0.3736665773648109,0.19218975347673076,0.20102837341435897,0.2030897794191017,0.5283877746491434,0.7225700062849265
0.866363854669113,0.7129105470765845,0.9605496223545794,0.9936352197098182,0.9876509151733477,0.1048007812892651
0.08399329541065491,0.2946071194363334,0.2973661791792331,0.3281381348340892,0.30330047387183695,0.8030545467779959
0.06488672930666418,0.04177462830207013,0.04567957825280525,0.031771388355856,0.04782536355075437,0.9362647616525893
0.1477675605532415,0.1052875162422653,0.6263049100958921,0.05612589254198509,0.09497619287801354,0.8362399323454338
0.039946971742571044,0.04629561313163647,0.1585768146602506,0.1892050092675326,0.7736635965444667,0.8934857197971641
0.056068479850895615,0.01773921564436114,0.08898601874152565,0.05856497736023278,0.0957147958034555,0.9845945533985739
0.10515294927659564,0.2223017969744145,0.5271989782781159,0.22706150981560597,0.19695286571083395,0.7911606838271611
0.22786647909438923,0.507398051986845,0.23142853544576336,0.10739123251869702,0.14679754120699587,0.6665268854971651
0.40368453719585895,0.09094260023708524,0.20261723609684934,0.2494436263657874,0.3274582456464238,0.7416676153497872
0.18541250912330293,0.5252691580437566,0.25386516981418467,0.3873651604793318,0.455924083860188,0.6587395085591287
0.23563203212078124,0.2972770961663355,0.4137595854455882,0.7427204068743728,0.05100353834786094,0.7106190974512419
0.23568719520267642,0.2695533282491471,0.589766575371919,0.4732654463411519,0.22597839987208995,0.6897772362769259
0.2556894500410284,0.46720365100553374,0.07747861712252388,0.32179411527990814,0.15221222994841438,0.6772696528615844
0.27731658935159587,0.5007756630956062,0.6436222415434393,0.2555476888377898,0.4770406168469494,0.5855962179372229
0.08646779477958183,0.01857701442243438,0.08259266899343136,0.08573645574705203,0.06487205128636213,0.9665705758748941
0.011467982524200872,0.015068863990357907,0.03610512934173576,0.0923569236786239,0.08446219506181692,0.9039973435719938
0.01921055571820507,0.04009162242257386,0.09322566979621388,0.04426141580815102,0.0793670048223755,0.9626005870026414
0.9278595313134763,0.9030890943538716,0.8303434485698015,0.7103888237669468,0.9799181008339479,0.22772238232336944
0.2447966527292512,0.33435630056679994,0.15013537864092286,0.1251710348166251,0.04506607659637522,0.7668818207147753
0.7069398340941843,0.2363587944781177,0.23158900828203546,0.24495763368447054,0.29485716868038003,0.5502630644183265
0.4405181037535751,0.15985348476879685,0.4178874060302755,0.08428489236208019,0.20558933679135072,0.7172426030635723
0.04283204593560013,0.16787517221705361,0.41176357842436573,0.1990568323740518,0.1642772775540634,0.8643229049163738
0.3382887652701045,0.38600743325576536,0.3297715130434482,0.27625866513250463,0.1569530630554875,0.6538925023925188
0.1093125928188253,0.28248710275649114,0.13526811981796358,0.2947990527441274,0.17433553668904725,0.8037302331982275
0.7907420936849756,0.7037504983440352,0.808159823003556,0.848782058214246,0.814649505777775,0.12103446910523867
0.12319567633573482,0.21598229930253776,0.15334015772670187,0.022733345268876447,0.2409668564780215,0.8382884448461237
0.31085490028701984,0.0901600857448863,0.2771975007157963,0.2516814433593765,0.2260977206674083,0.7825765779763629
0.5807638662086987,0.4528186525311798,0.36100688245826273,0.5875642800852677,0.05218154797748027,0.5024426566644055
0.3520188680892029,0.26180090470465195,0.11258674692332464,0.35815219531018766,0.10001939684156166,0.7151084552071464
0.21162448830095731,0.3203904640957098,0.13569322697409605,0.0926728326743497,0.07980840552254544,0.7623430931441617
0.19060156650468274,0.30997072660513103,0.12654601776307284,0.6589201752646795,0.11305917604387011,0.7542189438660035
0.5287406174504465,0.5590344165891759,0.241856008786328,0.21951028992238192,0.40839727104505114,0.4974294291161982
0.3441654266410305,0.2912544922227194,0.32658412910852797,0.38508114946666355,0.1754632516848536,0.6915725975263937
0.509483025220101,0.16853616339558503,0.19060755474556068,0.2783167417292316,0.3012094331258359,0.6687086870336741
0.3888300984943921,0.2951318740588128,0.5658626948383588,0.2595767718721519,0.2339254482450522,0.6491262394849632
0.24862235523960224,0.04125767876141427,0.09814017656916262,0.1179130152287032,0.02304176915764221,0.8727098834469379
0.32585022418213927,0.2130822118162433,0.31529355257967634,0.09603824791325233,0.09942987120699058,0.7418205641415945
0.6161490898475421,0.3681577246176071,0.5691003931140902,0.13738875141205792,0.2007571408889109,0.5329213557146433
0.2637367830498125,0.15851287937860095,0.040749337793526526,0.14283721546658523,0.08925659773561294,0.8223951146208476
0.18218694455348772,0.5530001268548761,0.11073544286402114,0.20129407255213816,0.11254632312578543,0.6733388590475293
0.09946878848876081,0.06899848447269451,0.010919387500437772,0.08117185558967875,0.025564463186580778,0.9678745869765042
0.9618323378934761,0.7713022444983028,0.8926943491600445,0.8969547325581801,0.8101967674851591,0.05638683259696909
0.2024517443898647,0.1988752558631476,0.08543699246203754,0.5160525411727213,0.259596035162998,0.8076446330926849
0.22863765281597825,0.6254208315134933,0.12218154227597286,0.3124743642331964,0.36690655147411133,0.6176216997914936
0.46349070456281477,0.29453561470435896,0.5102075716311988,0.5968954078416724,0.19177866905555982,0.5958928560715744
0.10118673151915425,0.129060429513429,0.34227042234188404,0.603718580602243,0.33758839304710425,0.8447867679132949
0.0898045487693736,0.04941220238254926,0.06488610511077872,0.00932585488187374,0.0924819415047024,0.9148036803501586
0.4914679824608622,0.34217454030419464,0.17985643940214224,0.14023288846908452,0.5836256489065665,0.6002999776888395
0.31599410767455666,0.4302107983404544,0.42325002765165975,0.38956955316786585,0.12584436214315076,0.6181598376496127
0.2817194221228608,0.43708266610476776,0.09927755538698343,0.2153779536951242,0.27557638820774105,0.6657246847812659
0.3774191190742991,0.18494474148890508,0.2065976684934818,0.47422823552153776,0.41137695777231814,0.700293441758057
0.0987821072632263,0.09545230097960701,0.04620750770358093,0.08522253104082657,0.0217788404521714,0.9450444235975787
0.2453787438648542,0.5097750489412628,0.4422292956246091,0.36686056193794037,0.2973336407764751,0.6213282763717232
0.05079942872190077,0.4427883526988107,0.24761125883899326,0.5226664869005349,0.43710004944433123,0.7371635389694575
0.3893073782684028,0.25811434727257837,0.2180986421132889,0.2909979691110328,0.306358902049909,0.6862461013451432
0.09094489894008022,0.098381843559716,0.20104872625696332,0.18872762805601045,0.12443784081029532,0.8858998634332133
0.006341956792919135,0.011419223471229957,0.016970379151160987,0.051048206111466446,0.04313459978353186,0.9080612608667044
0.04913317291823275,0.08963459030753691,0.2140089333584268,0.10411080018739662,0.31247827812729634,0.9135213952310144
0.13406080555620095,0.17666735832540534,0.07774959751539692,0.3046538962755034,0.3222232161433862,0.8176642899544723
0.3113574232014944,0.2186066980249506,0.6164150395290076,0.34247200835314423,0.3300442514398906,0.6901827573311703
0.23475450753864355,0.19117584447176322,0.3045464736388106,0.19402425367643414,0.6389717541085955,0.7707103853569865
0.9026676222319466,0.7459207182643788,0.8490584576120228,0.9182802475776484,0.8392527296111878,0.263398954746061
0.6816552682617121,0.3731795642597049,0.25241396530864463,0.17624777780401035,0.047728368174562684,0.5386770231800935
0.4125868136483029,0.5593537914473642,0.055522878513151165,0.43604284944841415,0.1639907607797789,0.5675234224418203
0.053121042959720026,0.17839887036341878,0.15755210961674046,0.4771810153352627,0.3120740955633889,0.8611992070143647
0.49061904250908245,0.36174154381948964,0.4898949253196007,0.6533418055588878,0.2751349182840389,0.5588293770227055
0.4547962996448925,0.5633423451694832,0.3449999017464982,0.2830111438386447,0.0663642956704681,0.5358835795520519
0.36081494259459335,0.557714805155968,0.15922933214821416,0.2177884498643805,0.17291319215118653,0.6107674502703446
0.18806662822322226,0.019850766107269335,0.6116186028820659,0.6086541011957574,0.4340273086444317,0.7930683269199741
0.396148132078496,0.15163812807336607,0.07131957623853846,0.27249808332211634,0.053104058601249705,0.77378720646264
0.2841761625924747,0.05746176171634432,0.20206544862066197,0.24827573277764,0.03930029454887948,0.8304501772677926
0.4365609916533659,0.30223524619499603,0.29547201041659943,0.19007463221420431,0.38416328875344674,0.6464678598651061
0.14190926688076597,0.3746829649718926,0.45553845933075876,0.6213323233690367,0.04377673569570664,0.7174078473207707
0.7199441618459252,0.7324198792022029,0.802193004365663,0.7276109671169839,0.7513097938731098,0.23815432160731642
0.10939522362794184,0.4478036220618812,0.19634520637986397,0.45032985802650116,0.30213380565397757,0.7145821455611818
0.03515529274554322,0.09943102540667581,0.003994096938755265,0.09434589672641122,0.07478622452486067,0.9806028901666167
0.19977115884535762,0.1442775262808391,0.32686876661751263,0.2655066786462888,0.2022396662311732,0.8014076778407964
0.32373719499724907,0.2705288549390754,0.16761450619866436,0.6015845530536458,0.3793528546707768,0.7007656678041803
0.15229284112134703,0.06494724432181773,0.570363643352787,0.4889698693071913,0.23041210667055698,0.8432236089944185
0.27150653100697675,0.37754885467154986,0.194287281720774,0.2378262823395132,0.2545549596401887,0.702931679880739
0.710252108181776,0.8484823000635754,0.8247626351451942,0.8796199337051109,0.9653937185192315,0.02066920815317611
0.35969416552293865,0.47453136839712035,0.15926324221225782,0.654150063677579,0.5596429013689354,0.5922494586726169
0.19668016242726186,0.398031319089479,0.11981938631036308,0.18500100402164818,0.1763390254499101,0.7288680569205769
0.015531497830961472,0.4242415760187129,0.20656501463701063,0.4655445571719667,0.13292838329862983,0.7716723337279844
0.2799801593212404,0.2430744017960401,0.1708660278071911,0.10463286983308988,0.6535023805406645,0.7346675752049686
0.18606212320601692,0.40449403126598354,0.2503874537504001,0.6169705459593059,0.0647078887063647,0.7094076718178585
0.11690970530073955,0.18797158297801903,0.13600573730328078,0.19169633046552123,0.14609561925403858,0.856625229999026
0.28672806899006137,0.22386361097377608,0.16972097828522803,0.24762053736140804,0.06867399630710828,0.7840685851325946
0.4524646695830735,0.3733823214278496,0.4858835030578601,0.2443775959423172,0.30475312805677157,0.6001008131029704
0.17178147128900662,0.23390487655614195,0.43881052680431437,0.12979640636044135,0.30474409691722526,0.7611489480270942
0.4198229253993504,0.27594364161481266,0.361578351035838,0.3255142070459953,0.17546022130580988,0.647677320982365
0.23346542109232404,0.19461298299523977,0.2153693151720428,0.3566519635944277,0.5636496019116543,0.7605452496911522
0.3430824449809528,0.4685558559961074,0.2849888858393402,0.0867116227709163,0.23796686307560536,0.6406161366141099
0.4799059691988199,0.30513129306044107,0.11461380641278815,0.30113217098269046,0.39210043943892614,0.6377825434512309
0.015933791449791294,0.4809719790466281,0.13012404228221677,0.2151831335034782,0.3073718266659666,0.7601729877970603
0.35244812387156554,0.11091409829136567,0.17307055760147633,0.3027103382292052,0.1777874699079469,0.7823220421398323
0.6577252418827442,0.17512695829395855,0.5485217347908685,0.5777243865339966,0.3896300011923749,0.5633715522809611
0.5379363637806488,0.2950511737905775,0.11343281580819349,0.377854361640998,0.4930706067026283,0.6222595569385514
0.12275555219550162,0.4118994191458992,0.3191265584048874,0.15970173172572166,0.1395555364317254,0.7242143030497957
0.3162967511292953,0.2364145830669214,0.434927449045635,0.19376933569489532,0.2938656724932544,0.7158079994601755
0.7182985797189214,0.5969529742797995,0.6472122779513848,0.5372678909656088,0.1603325176933091,0.35294118446437656
0.9253732593814611,0.7706839791391715,0.8342186031184236,0.7471752770355616,0.9906066112208954,0.036216160623785354
0.47984139810788023,0.29630972281885304,0.43530652932704944,0.09960476024698323,0.1880979868115992,0.6406302904413322
0.30096354758337374,0.5391792517375055,0.23777258012583533,0.06684690848995879,0.44777489101701884,0.5981529966742459
0.21998463055148423,0.6100955559514113,0.2550182494230246,0.4171904150094329,0.5470097395510503,0.571303707822199
0.47774106931540994,0.22832377350470118,0.08924259293354685,0.5086240705006667,0.6442627834981264,0.659515442849268
0.9207633601896429,0.9704475612075385,0.9298166716641303,0.7797125862077872,0.9959687590255747,0.200385164552796
0.13018424985566324,0.2726835383694232,0.21761318317241804,0.3499777088545663,0.4676522424861735,0.7652245305698789
0.7664281657552773,0.874669016703123,0.9267003863811129,0.742634837776113,0.8281560990180661,0.13097582089260998
0.08403875999209551,0.05673284266567011,0.055486162303617595,0.05540471045014498,0.09274243066255801,0.9885894331065791
0.2142283776069361,0.29303829967907863,0.4430397365415326,0.48302917199788076,0.4877268723610493,0.7024600884382197
0.29078800334020394,0.1607669788369501,0.36993473135962507,0.06647108987621325,0.30705282577491944,0.7610249643112114
0.21064687555536693,0.3423653943029418,0.212084193929974,0.15467301260241828,0.5774005672187706,0.7076757924442044
0.2798311894927176,0.35763679811493854,0.240711403033153,0.10665867535858917,0.05698560425436918,0.7217704075537456
0.18351478160566112,0.3273085398351818,0.2763587182977443,0.31866835027884244,0.5018359322377122,0.7164189218823256
0.9597095022823283,0.9084726760864784,0.8847314972584581,0.8549249343820561,0.9424150357002385,0.22256409980872227
0.03391935027253723,0.08782594917866163,0.09917098225208391,0.09896013800923319,0.037443704596936966,0.990056143500229
0.27754244114871157,0.2518404978061361,0.41421507234594074,0.0034446655718136827,0.2737248321156162,0.7246660786551812
0.6236265478175447,0.2269835122647468,0.14131777289994094,0.08957586933652728,0.3211832038366733,0.6223375044634701
0.08878978135509062,0.09019460099472065,0.016269354342935582,0.022342399004293436,0.006076419003058987,0.9456071130071911
0.23117562051690402,0.12819273540792017,0.3456327819674079,0.3185046073190682,0.39810697343256224,0.8031037390692904
0.7501009462025124,0.3772388295259249,0.08550675276262726,0.14963486180746083,0.16417181455124424,0.5339720739844649
0.48770314027533535,0.3010557645295306,0.19549197440010943,0.1800751927299461,0.08857861655105778,0.6591132683801627
0.38579893959303424,0.19144787850145326,0.4345869810906927,0.6262196715079239,0.44329782823458636,0.694270863233631
0.06754745429414084,0.1400938852727404,0.32537868157727545,0.26735462117737313,0.21394160412288082,0.8638618527098829
0.5795435339820293,0.07279983643858631,0.06601252634332953,0.23554035509545826,0.08597264913052767,0.7130261762016986
0.4220781732681007,0.2489944177379872,0.24771001852145458,0.49035593471247735,0.10990360592808943,0.6623887081278764
0.0033985142624675005,0.017228673839214892,0.004444426534730528,0.006479263942457625,0.06407636334448089,0.9063863659625773
0.03542395076679888,0.09720549664709592,0.0595398746826733,0.048115172085268144,0.026773565483998285,0.9115528419842299
0.13742430887514978,0.13834163546623318,0.04371721883950162,0.26695355772439716,0.06434637601051724,0.8780707675787124
0.7063977147581547,0.7106683948799142,0.8519228727025906,0.7187336362868509,0.9011543221358409,0.04237782464365334
0.5502437465751491,0.05868785841632573,0.13722276788874038,0.6525310498834931,0.11750280580574253,0.7200400894435429
0.45279732056725525,0.3250716779766962,0.15339785250956545,0.041979283763447464,0.016935548879250813,0.6551709849825487
0.18582648585372022,0.18894378189908487,0.15136077383615898,0.30734968194337786,0.10900805994436409,0.8103832504644513
0.43911412045465,0.3391060436733489,0.10959797485806809,0.16219554023218816,0.09877666814806382,0.6687414496015306
0.08755286918647076,0.24676035239617866,0.17833869225670318,0.25172012931441995,0.15154306102215198,0.8295893989739687
0.30255530983062434,0.38664136498810403,0.19690581038480828,0.5025589144568039,0.14126674946898493,0.6772067186805895
0.22692574261383391,0.44159475175038315,0.6437039578733252,0.3529293499369834,0.159712109721616,0.6438744598519652
0.22079468487527212,0.16776832034074993,0.539083975261458,0.1325387487561336,0.43388268834991683,0.768827608245216
0.0932182061227306,0.2919589716792096,0.4159559601363808,0.262423601359397,0.42431022096418886,0.7675575945523592
0.29187932762260266,0.16371152309291587,0.2766623084916133,0.08171332992409168,0.23925649817207453,0.7710430317681098
0.12935005514766454,0.5688061340170288,0.19527305878160695,0.07038192898375326,0.39870716404718337,0.6695059655544908
0.19306595004172766,0.3340292391694477,0.5658812482824777,0.08604232102471153,0.3212942727811855,0.7339441038276403
0.3841686148129106,0.16249713527869714,0.307417545450701,0.42033034894148014,0.2743428813785354,0.7150733629212805
0.2900182703688738,0.25880843566701295,0.2817955875048002,0.26773119155482444,0.28981081813131704,0.7287679300448944
0.19685360478657662,0.19803606322730766,0.3288493195657527,0.5047471024730457,0.18890672278953088,0.7723631280033717
0.1316670998839262,0.5319963899345623,0.5038466387910652,0.2156056408580473,0.42606266665299153,0.6679853904992742
0.34576405728229137,0.08959930245498351,0.27189240005169485,0.4994166330152431,0.14999742120760443,0.7660826130874288
0.35987407068966043,0.3202733959264958,0.0838271629291287,0.11303503398784095,0.22644341491844897,0.7058592521865586
0.16974687545557585,0.37048450409825406,0.03315151225717713,0.42197096602741685,0.48668848899617917,0.7264356362659367
0.09884680480870744,0.06322837006412624,0.04983068212326648,0.0050715215341244685,0.014839305065808828,0.9705450525595277
0.2979050442506653,0.06079606328947918,0.3092582345829657,0.27211462596232644,0.10429669373729691,0.8089431111957865
0.12899233875418872,0.44362734631923456,0.15254112253607174,0.09217628804462596,0.40821874497567723,0.7486468938355484
0.3257121702747576,0.2571130515315767,0.3691236858128296,0.13004121619651715,0.28308005125635455,0.7032940338697201
0.11183973069886616,0.08649502465955136,0.42752493956729,0.15644961057865178,0.19535896331992328,0.8559032452613214
0.14440003664758458,0.1844470181070114,0.33074111325738564,0.37219123794912734,0.3661041144745446,0.7932008358120027
0.007274704741306602,0.28810367279531734,0.10482957574874253,0.6557314197097106,0.4968135011303861,0.8109017686516781
0.13863910240454763,0.35693748984178486,0.13635204531634537,0.061022457928631806,0.31660849563652876,0.7759581279776947
0.8029499955209509,0.9681286532223924,0.8210465101013575,0.7073621491468176,0.7055487722291618,0.10926316521234358
0.20079260746707878,0.3794187597443413,0.5863213970832531,0.13111291632861552,0.5138474471543159,0.676552611180939
0.17154965153338303,0.32245607873939963,0.5982690582574074,0.3171044572823695,0.5443802061465666,0.6916898625135226
0.05177184339479075,0.5466364937789087,0.4488043655390477,0.2602044348907325,0.15898944131829626,0.6859160235834337
0.27036668637481137,0.2697155692574666,0.5823807044354936,0.3689416426869986,0.046384129785067105,0.7096452212170554
0.5279243840181365,0.5165051635905445,0.08581464131477945,0.3344845244108806,0.2405069584910061,0.547897303095827
0.6678969467219104,0.13709915730278696,0.15667374078681404,0.3333232277189454,0.191181882105568,0.6447396472981765
0.06144969359913295,0.1856516841240005,0.3746356959145953,0.4512768790234217,0.24479528977796797,0.832766106709842
0.3090567782564249,0.19179962176155418,0.1061947331560152,0.3465303472017488,0.32722937429379906,0.7571474239450173
0.3527065663574891,0.5058966061286069,0.2684254497179095,0.2771758689771601,0.39882003875847627,0.5903306399087339
0.40359326057619216,0.09780841374232967,0.14981303454135686,0.48737385609588996,0.09964270049123182,0.7458384045352928
0.032039131891503474,0.007039559873371693,0.0563475415148099,0.02510642491818406,0.04872111582995756,0.993427017744354
0.34084369794317704,0.008203201535118268,0.26592269092406584,0.2896482241355768,0.3676868247149218,0.7983638835449604
0.03983870412411518,0.07517451291482519,0.09993994089926263,0.04921775713402674,0.026439197734180544,0.9007470684201028
0.5724359543433041,0.1726346222612511,0.5870507479388292,0.21637347036913565,0.10441428064484191,0.6271821835469065
0.2929788735913856,0.03784425438896165,0.14131089761644824,0.5888475981282304,0.21350555371455163,0.7929860062835363
0.022080663857567042,0.05923176759852399,0.06097787267572158,0.020396743675693475,0.04393488028462203,0.9653029923548561
0.22325775316575855,0.41141204521114433,0.47725639399511527,0.1630384886651894,0.06780791495051805,0.6806053645543583
0.3399068359357701,0.31648316285808853,0.10906451396710498,0.18649641157145105,0.3961239123030689,0.7060485156453804
0.18368118718776022,0.08536365146768185,0.23513370741980147,0.4697772484044611,0.47874422366961,0.8028539013289884
0.3885662769655529,0.3889990725558307,0.09760630545757983,0.37221957846394416,0.2979685932978526,0.6646944287282174
0.08462733526759525,0.32876177026663095,0.33763402493155814,0.09327598707279622,0.23263248530919806,0.7786256190297528
0.6434052833138456,0.1909908598254088,0.4603069883652974,0.35210579486943794,0.346644132763995,0.5899852873968242
0.17970506049704416,0.4815448413521028,0.20671718770153663,0.186653323751283,0.3795543118729753,0.6793921594461244
0.0990454947431122,0.18528893108020716,0.2727222541789424,0.6659811341167747,0.6653620604725461,0.7866602351141421
0.7637173592068749,0.7848818356876112,0.771547982706873,0.7373897355453181,0.8823085816817644,0.12047943291235996
0.4865241768823066,0.32012962591905475,0.16898705489656682,0.15124573988631887,0.19946769757300775,0.6408839184348409
0.14214708714319613,0.34842528320958477,0.14153454851274683,0.541174944048432,0.24473933890808394,0.7489961805086098
0.3203225821877145,0.28116721869701294,0.3149389171865342,0.391686421282701,0.2371290678408549,0.7049640368201264
0.5834896095027,0.46409211847417003,0.292026231566285,0.3214850454309364,0.10437187128621665,0.5323611661369266
0.12776866366844378,0.05654067313762847,0.17958818139693794,0.22750726466003401,0.21453677157870768,0.8906978330906513
0.019842566707170328,0.0433582350034,0.0800869971506801,0.0993907886550514,0.06989433935262958,0.923661202136032
0.40875435210312244,0.6817790002015405,0.2871933932931502,0.08878602213013002,0.41901402425672324,0.5163428264044745
0.04062935717394039,0.36288283132037175,0.39128003930943417,0.5164982638926686,0.07575607851570368,0.7709704485648421
0.43840097094062275,0.33431552027251793,0.4268769105664859,0.2263651051203548,0.3831099821309307,0.6220559525192225
0.039070541342757316,0.024395793754792384,0.02568498321092494,0.06486583904946285,0.013106049870733594,0.9709646393255548
0.035930195465749236,0.1227645449212802,0.27089053539580604,0.31636331100296605,0.2565836663896911,0.8920812424721801
0.25996915860043185,0.4444949240284839,0.26543336310624793,0.14140934087029616,0.13853982830701506,0.6827217686244225
0.2884957018176471,0.1538601079151854,0.19286613507373235,0.3724731537283979,0.47582130320278404,0.7497566986071295
0.20906870283677964,0.1368255313987887,0.2235687046552787,0.42018937658746586,0.2852613366813893,0.7980680038090588
0.18510293303371547,0.6618862539087933,0.4519655276559323,0.33728627028022246,0.42400437178489864,0.580206472687714
0.07187748488844417,0.10139940941298851,0.2698193496592596,0.26696826993546613,0.20810044527641322,0.8839380183460327
0.34772456456415163,0.1520381503799974,0.158708448590301,0.26537779720110677,0.4822096316916747,0.7335958070531168
0.009063576455491072,0.311114999451365,0.088518041265209,0.5809508153143886,0.31092070041149245,0.8085593683237263
0.2707572855994038,0.22793552561885547,0.09682911186089864,0.27557524299022534,0.3944384609001706,0.768274940131826
0.2061700110820898,0.4449105276983858,0.09114878848701168,0.2538975220696461,0.2623778940900698,0.7242971841022424
0.23538928965900957,0.2145708715435684,0.5732780996284671,0.09271581058437238,0.368756772017346,0.7230718156213565
0.9672255109301462,0.709324956271674,0.7040046017037248,0.8807450648037636,0.8238695200092188,0.2772076445378754
0.20744051778707873,0.04406994073944428,0.27195224007295976,0.3116004035570332,0.11370007156964666,0.8514143827296311
0.33200075489313624,0.3929800990565912,0.5557495815636806,0.39066428681348464,0.4248711445590879,0.6237700087787524
0.9343691953008448,0.9393846255109477,0.7592487174088856,0.9717445168146366,0.8869474147465993,0.12569397479681801
0.18292874408417037,0.3586664199857663,0.07345527385226223,0.5688006582182653,0.15008548729697876,0.7483630930858722
0.26544838867192205,0.44920679996789964,0.1097331072103983,0.6469439142887254,0.2317017129508014,0.6364240025871715
0.7029410728231181,0.91432457409991,0.762429268309943,0.7303887741408374,0.9845988037257944,0.23467580156304227
0.7770205636116798,0.8657245834065999,0.7275484028754852,0.872041515985519,0.8229542776833305,0.015863687770539623
0.07629753253583593,0.09174979979206448,0.03149838254674194,0.08164963679095665,0.021117043600190302,0.975103904593519
0.3700401819965376,0.539635274432829,0.42173495836443803,0.18599163477010383,0.38735441139975063,0.553028547967673
0.3093305217887315,0.8062537757564681,0.17767151185109986,0.39876161477022787,0.5425038965318211,0.4912196440291769
0.034376929980175934,0.09704833359164552,0.7218032660622422,0.46707720658642427,0.2568494651101674,0.8423875688382793
0.4080696401915166,0.28153170365302294,0.33927542663599847,0.21544172571883083,0.4350265675031265,0.6640179456022158
0.28691050458305856,0.5122007572294239,0.35569968070707547,0.13718769707053818,0.2549633158355335,0.6211472452921543
0.6273568756267822,0.03377873506050045,0.25605643337635553,0.2204751649942002,0.28616778067060256,0.6984493763141384
0.8771242584435142,0.8942615633588505,0.9139719645176956,0.8340799758120103,0.8527111935811833,0.08773501547201606
0.001412482914383384,0.009211465960092868,0.08979825321496254,0.080926714789214,0.013338475051708078,0.9722030347637889
0.20681781732201704,0.5713908105233352,0.1571813503451608,0.334637236425517,0.32232253690735685,0.6423383861220734
0.5017603426553671,0.07696165727247706,0.31392519791064066,0.38787825970024964,0.1271022402107232,0.7045246252415092
0.25704534872496765,0.3430717247978925,0.34465071759832433,0.37256020396618045,0.15372768611724058,0.7044916851071993
0.6041340990775811,0.2287592918781224,0.20870903918067132,0.2128728796153706,0.029192602099613347,0.6272910412040914
0.07846811578243269,0.156946079366224,0.1631784165258035,0.41964383404502764,0.2717252194120844,0.8491587797991175
0.002405515238755196,0.05159672903030735,0.007877521786969988,0.04826124988889784,0.051244715910746835,0.9898366769402436
0.36847770164693944,0.10953984304850169,0.28898203240996545,0.11040353262737139,0.06304511195398879,0.7639024191896083
0.39310715634519816,0.09685515272092558,0.34629125538544764,0.4026611603647491,0.23526466619279152,0.7374702854679036
0.09602743040557221,0.06738975139736347,0.002328543641103109,0.06232028409675497,0.0580771741918851,0.9284078183996266
0.30996582592299404,0.3342127735630604,0.30230938563025106,0.14573955469181418,0.21087779397904088,0.6869284254783854
0.0567761306426929,0.5197548756701067,0.1966581503952552,0.3516363186556743,0.03874561636480548,0.7184962232617936
0.15550031250253407,0.1511133286095958,0.3346036882243078,0.11245778053610903,0.2518317913657946,0.8306665157267424
0.8065652246952691,0.7437926298005368,0.963066188351317,0.8967361219569036,0.857008428824733,0.18731071714810865
0.6594625321905624,0.20852418387618257,0.10710629939903613,0.29089338423771066,0.11536512585463443,0.6289280856690694
0.23492957049674604,0.19739152418536574,0.17319171765107713,0.45781847078267396,0.32267700195019633,0.760294050408032
0.8440482925805962,0.7273800308274316,0.8599483187760727,0.8160084055648402,0.8289506288331129,0.08690037204032154
0.34119850118462985,0.3056811827464516,0.29962561574141255,0.1866233351663539,0.4601254510390106,0.6871805360490034
0.027794506620541316,0.059755897407512075,0.06912735814944333,0.011891010187501683,0.0014559000171474824,0.9088519847333828
0.8519750217153067,0.9183559406294448,0.9481081897485119,0.8797441658464937,0.7826858685124275,0.08251659708470856
0.8615535039783826,0.829015627533146,0.7046656743509763,0.9590612416007791,0.8197497652660515,0.21444853961348698
0.4197319573933808,0.428204298459873,0.23400102689867744,0.24704584643752883,0.04871965247941164,0.6156220883313106
0.13084133584036514,0.039505618468394677,0.08452301510200282,0.19857403332036988,0.13549443380294354,0.8970505890748012
0.32750574850149805,0.5296713190292213,0.06287678825692364,0.3920985332281985,0.1930006995495198,0.6295657565112032
0.3090666018759184,0.09616262309173429,0.10286111646197364,0.2029823416898865,0.15256143189286386,0.8169740151635425
0.4432956418443808,0.3426970133889984,0.19685957327315484,0.28165700215852413,0.28011154073589895,0.638641602034112
0.45195397183953334,0.38530033282177306,0.13938074543273035,0.19613565104302452,0.21419581427042,0.6238654905155887
0.17662501625710236,0.11248182010510735,0.24519374589792045,0.3034976077915621,0.1556608795001781,0.8280684257522068
0.06628959192412616,0.4022924647298561,0.11653884540078152,0.3147063673811724,0.3095936611201467,0.7635420627181015
0.08331585309762758,0.08724172863917795,0.03404658586505249,0.03845662324852436,0.07169485818585107,0.9022451953381393
0.350135842218205,0.13885806935403325,0.08283899442532121,0.3956415500665421,0.4076851093906187,0.7582183265620537
0.5160959312188699,0.48813232910729676,0.12818083521942558,0.5107123735882338,0.4660067283305644,0.5442783604288391
0.1097055673936324,0.24417594378109483,0.35971103096718693,0.4834667788731774,0.20525984749051326,0.7959789055162827
0.06263991629038376,0.06767297043451481,0.3932422362831322,0.7149827058652245,0.2922063751439316,0.8493478271964999
0.13255741096760387,0.17696096402420974,0.15771937173448364,0.17558177766554633,0.3056249305907229,0.8303830473896229
0.7920644283919722,0.7465250041473332,0.8517299913162621,0.7041191774722875,0.7567127955777992,0.2336887517622862
0.32540251244543544,0.12880655509045616,0.22498158127542023,0.29913348658785244,0.268970395664447,0.7776041222901825
0.28860452011995313,0.07744652112232991,0.5360246393106713,0.3329189278512091,0.10644532785155024,0.7646669653699026
0.35318268862041563,0.19214575405424925,0.25069390490517346,0.3978947736132451,0.06658456035195673,0.7335456569328221
0.13398942398866828,0.35509511128103133,0.13038944820489956,0.16590354635418061,0.7788265161365405,0.735341997462435
0.4067854267970843,0.3746345135502602,0.4852918463911464,0.2273367695802309,0.250724670854499,0.6130847347415985
0.08702783932967957,0.03210854696241532,0.005461626214895288,0.07675354289603355,0.037120090305408075,0.9940529689510231
0.29695838258246554,0.09836092685212305,0.23570255385014713,0.38978903113723473,0.22868548825165383,0.7841469961452558
0.6434014985611503,0.19969921470368537,0.510595775447857,0.12466011769793893,0.2640711262426873,0.584730142825525
0.14212150321881287,0.26618278435629206,0.11043182056141605,0.1815694142147455,0.09151242227483622,0.8194574107382644
0.8019123545457176,0.8789907549644869,0.715363537664756,0.8781401998169895,0.7783154616500225,0.25518997056311327
0.12969655149386994,0.21177011637580917,0.23581362308871395,0.39090692645186226,0.14074305313928998,0.8180723442126261
0.1782872715496214,0.24192905518635732,0.6801960092748202,0.42074226078489585,0.06807954152399648,0.7420994214373731
0.1707652951825317,0.28666542044301796,0.3806115448564883,0.11610796838023209,0.4199588328962201,0.7400154210396374
0.07751865160668951,0.06604019988099116,0.005294879784433238,0.032324790860065566,0.06510962619583276,0.9865908139680376
0.21893111788688133,0.6035374118918199,0.3149043415899146,0.41242410695478193,0.31166111346643816,0.6013287807268498
0.3382750971926416,0.42351745391265166,0.3903941386868926,0.585380352156316,0.22879820194821904,0.6239591381507263
0.8524053756162112,0.8743751007712786,0.9185831568136659,0.8003982267877952,0.8203977880376248,0.013542113464204452
0.30110227435041076,0.10496006159628518,0.30415318967222976,0.5054606067035178,0.5110289955582268,0.7619925968464782
0.24097964885512327,0.07055554285211406,0.08856419288356272,0.2163034340891565,0.054474217715758805,0.8630987808699471
0.041859411542165034,0.267376322212231,0.04945121278793372,0.4207020132224096,0.1791680188546554,0.8501914991881613
0.649237693775418,0.12101937858297244,0.7361018315249043,0.525895606340272,0.4844567898910472,0.5682539215789101
0.2810720906179367,0.33295992516884626,0.6285049958345899,0.09340197232007998,0.22084280929542185,0.6724292788876608
0.29134280698889403,0.18192876740475356,0.48852526360524484,0.7149740338507822,0.1208130234025148,0.7059661056593393
0.029799418518985255,0.08453659010216001,0.034534502538981306,0.08612785122499961,0.07127854307878653,0.9310902630263546
0.18968961415942878,0.3616605940865153,0.7107997201422708,0.20803956086174202,0.724658870496056,0.6729092714744318
0.2485969038960578,0.6196091535016719,0.2584850097159775,0.4857760857521775,0.28046553548217695,0.5803192505550132
0.4392210898888791,0.23511933696014306,0.6151132154172307,0.12398682877125192,0.4520144243788824,0.6479946636906113
0.46360692555333594,0.23210866220140344,0.4539636157268862,0.26431722218332787,0.27102558720157754,0.6586939610135784
0.2672577269945208,0.33282769782619875,0.4288782549001894,0.21017350890297581,0.4044037570365049,0.6909024252043113
0.2819303733536357,0.33625710609650883,0.31466808144880215,0.11853201891649287,0.2796306651303618,0.7052623041775496
0.96763364219133,0.8696059217006558,0.9707366163748654,0.9407363785839051,0.9391580640938593,0.2532602972402301
0.9764120896356105,0.8597978463327192,0.9812526455624893,0.9184645178231894,0.9594973654459895,0.12346694527052458
0.23061271313703677,0.6226240361423448,0.46476979319236617,0.40881216959780314,0.3503727544012575,0.567681914167416
0.3531544202561912,0.4278252817489891,0.4663010340930448,0.33475645474085153,0.02897248873812853,0.6393197535098832
0.23214236376262243,0.09857965790031328,0.5834417552604939,0.6260945827593044,0.2144453585903015,0.7810876971603689
0.23843899928388845,0.1614083329957492,0.43900187560406484,0.43514844690507665,0.24450484251552568,0.7625500486365505
0.36526332118874694,0.16644895121854056,0.34221805163855773,0.12645324075989633,0.28091496119881043,0.7456686184571849
0.4133211757037022,0.7063007955320935,0.4172161331422478,0.21456450138518934,0.13129556446624496,0.483786931131527
0.1412777499469272,0.18412836219642384,0.2748431170395934,0.1177973442833805,0.42131186077313304,0.8117035251716161
0.2789410612672031,0.46518506114928976,0.19536655261741045,0.6820024861511074,0.11776782371633578,0.658696854570331
0.4770180100982217,0.10374920674766097,0.2673399177411392,0.3994706214469007,0.16490911830201013,0.7337619184550893
0.8487606180343226,0.9231170888882352,0.7881420741300027,0.8150765901091682,0.9960612428654372,0.0854690271383108
0.2961979733556478,0.20488551337697217,0.3170265709744375,0.09772973370367903,0.44808572288048487,0.7246788998150461
0.3462252555015791,0.579544182647768,0.41659491417032257,0.21767197593572343,0.11729530126503056,0.584779762962574
0.10846004019288348,0.09587677165549373,0.08785933011932295,0.09851325697445347,0.7451978581501016,0.864615596721467
0.22690828159919452,0.11177232664616565,0.32879957448799674,0.4153868041212089,0.18344805143000364,0.8089318054021717
0.15051581206901055,0.11164009723590176,0.17517577522157116,0.19953488736653693,0.21895810851787328,0.8576865410482507
0.29450633404439086,0.1525954628411428,0.43182995224787063,0.29026146419141124,0.3377625292450927,0.7566405354730822
0.5362160322633829,0.20880973301413655,0.324761186988756,0.38572522741406257,0.3203503860088173,0.6346769141250712
0.13751560636675203,0.31868201397136686,0.33660789152402104,0.3186279382078929,0.5340325231330687,0.7685164333973707
0.021460811136366477,0.03218533997911645,0.06029159067500735,0.04487553236278487,0.0053295400156073485,0.9934852812989715
0.8876412435357939,0.7507009651710878,0.9000022758531498,0.7505283912564965,0.9330599970705433,0.005288331477050178
0.12875606452853877,0.2474749719358593,0.2971069241982288,0.382800104724347,0.2965169757043463,0.7690470403918636
0.3268563949085386,0.5813491492464614,0.3979536631554951,0.07699853124088624,0.3234252798524037,0.5602421300356729
0.11576307637312196,0.5614194741448901,0.27220169382392695,0.23377794708476907,0.04762402011161227,0.6937863214065385
0.905705781783072,0.7070304694862365,0.7845280983057663,0.8524214128152394,0.8677198673781152,0.24766772813777327
0.3598383820137326,0.0869184947841601,0.04876902402332312,0.4175264534361515,0.112743456973595,0.7637854099443753
0.17378302708345014,0.12407102917189618,0.26474457717735234,0.28713469538748815,0.30203952828153763,0.8371355719177616
0.9549062130366113,0.8211225290431757,0.8075136189009389,0.9410297244105919,0.7509659243978206,0.11377787401991274
0.6741949637316157,0.2274764735467098,0.36167482463644035,0.3203413055105264,0.10465707050352609,0.5980867218544527
0.0363521567719536,0.13297479265664358,0.18988230624967173,0.19241129819512592,0.28653638433187,0.8796532781764564
0.22449436638611184,0.29374436422699346,0.3298223128027418,0.12137226756548619,0.14061443953642622,0.7495295450128564
0.5983467250653779,0.5707077429560131,0.23291314894837226,0.5937987529889985,0.06584444756992774,0.47893519197290657
0.34663607642548144,0.07013736801504501,0.3725925098472263,0.588483913153031,0.33713504075391665,0.742013649468161
0.4031675737816288,0.2566986002271674,0.4288126984910839,0.6452053858345956,0.3652337179950482,0.6299600032863987
0.5280499551515648,0.17885991474939233,0.371500438899744,0.05994021336491581,0.2508945790234565,0.6738577925738621
0.4599431294093182,0.45258007344339013,0.352226515646087,0.3271986044858134,0.19140256641974984,0.5761292811470632
0.3354609478388799,0.07598627756142248,0.21451631107426733,0.43570819124862054,0.26749390866629796,0.782748805887493
0.3901195855163728,0.19827674389616312,0.16884054742645313,0.11705771042421459,0.06992086531086789,0.7520358443213792
0.14652283416598802,0.4712585020636077,0.3572043943476867,0.3152433583318881,0.40412662716794145,0.6808013693105962
0.23358324898373145,0.1946596997252659,0.12394560775483884,0.2701845592318159,0.46527242913385763,0.7826842336212652
0.5355852061194166,0.2866070690355028,0.254001107434327,0.18852909032139242,0.19398765918521496,0.6301213208948896
0.5458906890817872,0.07171695698703785,0.45276749679771433,0.0529470886657081,0.40619175853877065,0.6885133874996375
0.29324689662939285,0.23696598905320485,0.6698112370584898,0.4370713580789457,0.07171944460711926,0.6814064033421817
0.0420833786000581,0.06387645706684082,0.061396046118840614,0.06484909262248742,0.06581096623281903,0.9550798927259883
0.14618807443405762,0.3823564101966043,0.4851442371290871,0.6380003527002015,0.23123361252654018,0.7081900715146338
0.38358291962866264,0.10368788009160805,0.0617354825198027,0.3730571627059251,0.17022097111246248,0.7704741826440291
0.8707025549112062,0.7201959896798894,0.9364825040550637,0.9092698539699575,0.9341218639225579,0.19709949454669393
0.15265935678690293,0.32275614739970593,0.3907716111487291,0.21377178889653473,0.5391953703725791,0.7427934773079442
0.32909401726592674,0.2523140846804605,0.18682322415814792,0.3809340654388347,0.4959623028081409,0.7050465088621017
0.30340905103521687,0.18522227975256883,0.2658290182276381,0.44883378246020295,0.2688584494106616,0.7357835950450475
0.08651784290439761,0.0007613883340268357,0.08155364989269799,0.09071045605475243,0.0865106697937929,0.9660609689795282
0.047737348521391325,0.058220589966603745,0.0829693846254922,0.08975545051093343,0.051268635004511155,0.9877054423420321
0.06726024683917943,0.32373479981602626,0.5102692303913396,0.32028751432597574,0.43998847874430497,0.7479456157803205
0.5421148900980919,0.4053679043361544,0.42581489702680997,0.48156944302448784,0.4404920115903426,0.5413371023862178
0.166930655302071,0.13312641009526607,0.2664806671489481,0.5967172495565278,0.3341575198640718,0.7991765123310043
0.3125025751898585,0.40542180189336713,0.5119270571136847,0.14017554219581266,0.32709450374097554,0.641056909293168
0.5754859263203815,0.07423908250093765,0.08671201929267879,0.12725729956061196,0.14952456453196017,0.721798231611966
0.42508896579516403,0.10842924401013201,0.1782299900479034,0.38168416606765004,0.23220931729872962,0.7444042721856183
0.6034669008975112,0.4188464712993721,0.3585303558420993,0.5299107238588214,0.4689186983365049,0.5209771897358582
0.1644219334624456,0.23608492224276015,0.5238107692020291,0.1334781892887054,0.3227391950839133,0.7510795721107733
0.2086997984846618,0.37269176692377276,0.3229658942263438,0.35134405333862895,0.37779866850112476,0.7047686609820465
0.48071818860732274,0.5407180254232531,0.39108359836670853,0.006103560023499223,0.3081987370077905,0.5428318608302486
0.25076845023001687,0.4051729727568574,0.09047529448001891,0.4425541023903986,0.3540056040704819,0.6778840176534731
0.13701348082005577,0.14249562703463117,0.39092771724234626,0.5649021782471515,0.5772014215221045,0.7946045292844743
0.08875609298858339,0.0833964146338627,0.044406801937853395,0.05278980808100511,0.019950865899390137,0.9244328838527418
0.19181205542314084,0.7162938009430371,0.5667404281433126,0.40988931262064837,0.30073276915405805,0.5585721746249331
0.2992083215716564,0.12460366457951104,0.1657474300897835,0.3573210090784216,0.3753028932064235,0.7715842658606323
0.26848915928564887,0.4638286198383643,0.19961134107949605,0.3287097726771964,0.2791867757799224,0.654564727081645
0.3144923311622377,0.2597603084753408,0.27067249720698816,0.26004301516386796,0.09400752997673333,0.721725464567226
0.16635921230399522,0.674356398611635,0.5315906206375944,0.17017951091862796,0.1991937082120216,0.5837044951702154
0.8759992609132246,0.7273043246050331,0.8391210131463023,0.9261166875175668,0.8470481987544258,0.13173134325005403
0.8576750388416988,0.7617109226575949,0.7162341839727722,0.7443195042292235,0.805526679465459,0.0050523045587803845
0.07103751339793317,0.06856504505635022,0.007969310877615987,0.04498523698192839,0.09037772674033294,0.9773865819935199
0.009013081664351275,0.04007736153695908,0.08787481131827693,0.08193433770806885,0.057749554635636774,0.9490388058206605
0.72326392117275,0.8381134495148319,0.7317656452659469,0.9769626299921952,0.7196276160751816,0.019186383648280535
0.08269297157896618,0.20745800221873548,0.192105855116343,0.07969346397647815,0.22214810320984849,0.8601352506114347
0.9558158371392744,0.9848187581798549,0.8176683004454978,0.9086320505977631,0.8901202152606384,0.12536100525499966
0.08798265186203791,0.22411356549600972,0.3651265630611726,0.5737742936929037,0.14485609864098992,0.8106837722110934
0.3530655050389947,0.3629839798464587,0.26676623808006317,0.08705499850518209,0.2846089235989433,0.6735609010517734
0.8830139745501209,0.8257995811982929,0.9263637064398955,0.9094241132984249,0.7658092539492407,0.1941148229014196
0.9092438813613388,0.7073633627795286,0.9825093770261515,0.7855035997665524,0.8675332027639953,0.13146110913039777
0.6066784600310963,0.3766722561978231,0.2573334234657683,0.4464756790649552,0.421005392815985,0.5376710436727157
0.019293773873010477,0.14238468949217759,0.28046987620624614,0.479617574105083,0.2604072146484295,0.8646320861008812
0.4187109793560707,0.1017718149988387,0.3255090994441128,0.30231123081132993,0.15136440241574595,0.736694147151276
0.3403779918999732,0.3129538604986934,0.3472179289202708,0.27839991953797116,0.30768331782128466,0.678213955644819
0.4848744923943458,0.6980770588090702,0.1752781872138589,0.28668523889473485,0.23094258670962806,0.4813917088512935
0.6146509543014494,0.17154438869538857,0.6527599941127533,0.1927901283965856,0.3247952433290081,0.6042845286852185
0.28244542696617414,0.33258122518330807,0.10742678414557481,0.29822624902110567,0.12808509892292627,0.7253429343456551
0.23873026417379783,0.3827752570521467,0.46032399145758746,0.43838660125905504,0.34300381791253914,0.6750377708474029
0.5366935287842728,0.16496664659472157,0.4086963878279839,0.13455883593555926,0.4333118089532469,0.6626376356974957
0.027413661115441836,0.01688286527803552,0.06104874733229593,0.08293776266831399,0.04270973631972063,0.9700044371321362
0.421936365707615,0.1603517505571972,0.2646752723595481,0.26109401970917206,0.21272350222435243,0.7124792486732495
0.021217374774147837,0.04821092005934361,0.039502508227043744,0.01795320344946354,0.05964814111966465,0.9245997133386609
0.8297874724822436,0.9167381293983304,0.8331715017041863,0.8423270617156082,0.7179943050758786,0.11692312891185269
0.0714647231169887,0.11640881946432438,0.2991473523712901,0.4678958858567005,0.21441920411934934,0.8598370639625785
0.061517378481216155,0.5430934291038809,0.3849551819796011,0.3963885410944815,0.22525453109763108,0.6837041188609999
0.2076698374564722,0.2343275304118965,0.5672634981019297,0.23146583200189122,0.4018558466544647,0.7249011982790537
0.0648596891353243,0.06799724872780552,0.026486113584698892,0.053021894851228595,0.014444508601144435,0.9460971124724716
0.38762730112288585,0.2628008563621904,0.22013457238917772,0.1071788696263246,0.42016762439183347,0.6887725070939474
0.8609091064556341,0.9281047588919477,0.8334148480724533,0.9399545927011452,0.9711832479310119,0.28656726008949157
0.04255493968319861,0.37257664275141383,0.2174747390710751,0.6872152968226487,0.310882993362429,0.7715468594865014
0.7027228461514909,0.27014411477748385,0.27641023797101605,0.2554741248398228,0.6701292188652718,0.5236873156150719
0.20317663544645967,0.46694575103946834,0.36695083744491397,0.23608625324016003,0.4236847980140879,0.6607898714770709
0.46368862189199295,0.3195245305184697,0.1478649406718276,0.3607059036479165,0.3071918593841934,0.6474365986926889
0.031445615086333735,0.011142681366253838,0.08713499237855998,0.08917866212924987,0.04883017832590286,0.9707792731026427
0.22828599728377968,0.2775972055313659,0.35425431039875294,0.331533995097184,0.15234609471953398,0.7423025434044396
0.06960157443137031,0.050554458694628004,0.06933505445473834,0.01951281811639114,0.04897636691457418,0.906725729444118
0.6489173234820785,0.2924322299344274,0.2687650341192779,0.31245413884920975,0.20480112515055876,0.57232635590539
0.18626639539481818,0.12018893470716105,0.23235150017679929,0.14140857150844202,0.31598774761906284,0.8348692430615036
0.06984079086096595,0.2990419165214602,0.48518014442119195,0.3809656256602206,0.09932971494786585,0.775495696855337
0.5452485679678547,0.19437984972772931,0.057004002361786016,0.17363821516591457,0.3730077472214239,0.6748818806612253
0.20766620943513778,0.3454230848397738,0.22172934070693107,0.2708319692074906,0.15442537790842983,0.7205510086016798
0.5846635252330284,0.17325085742627128,0.13594097677213976,0.17043390889761287,0.21764775361936273,0.6463020307838955
0.3427464554989851,0.3979959535568411,0.3091556027445841,0.3004507842312858,0.19655186547958658,0.64151530092028
0.28745988068587547,0.600099645583331,0.20457098543971358,0.3227947682775647,0.19075744882545764,0.6057725352486061
0.42033422198834225,0.3100487575018362,0.3639315080033794,0.27424169355325506,0.2507845022278434,0.6538046173715267
0.15739539363225663,0.3279392716700092,0.1932797896868606,0.2009298737836905,0.5934414592019981,0.734027566358532
0.1947627208764054,0.14232319863488427,0.30146300283439464,0.16694733574213205,0.3806049062182204,0.8223204925863371
0.7285964766056895,0.9747036082016369,0.8887737412792984,0.9795907840857119,0.717655385500521,0.09248237786712683
0.41727790375865326,0.19160751167851944,0.299727554917448,0.358165132666286,0.2561870473840873,0.6802701467877372
0.27909865689419444,0.36318879395609815,0.06316883843980473,0.1673778887064844,0.05367912720150728,0.7287510190767739
0.044377672256745285,0.25338310759367044,0.48152814894248486,0.45158473125295256,0.2577744617188975,0.8099973623841943
0.3086928661865369,0.5600688960571516,0.3674955437664917,0.3805553650694949,0.1452509267659714,0.5846078775791331
0.21988137682584608,0.5460800487216432,0.5225757185933737,0.20989694444348003,0.1899528721938674,0.6311362037234196
0.2779642391875149,0.3105613886271542,0.2573631285990015,0.12978744003725412,0.6627556322068286,0.7136499797979536
0.24802811702810665,0.02343706168003016,0.578907887648985,0.1979965134162349,0.4851646594303432,0.7997701893518454
0.2439313657508924,0.32291530316227696,0.5074161515249032,0.5914146627228993,0.3452442318226013,0.6682347439244878
0.28669068665997793,0.2467952243185982,0.3678151075718677,0.4082608071227642,0.12525367396720724,0.7348518361388157
0.45677590314148764,0.17384162464779235,0.39727474828746984,0.22497910179403802,0.06782170829967613,0.7050534972278648
0.11575628162141428,0.4773242206081667,0.062283298456237896,0.12922649725383745,0.1661799447674897,0.7291853353688178
0.21332273652689307,0.07298493511274294,0.27777955955301087,0.29772846642964457,0.08069686376170712,0.8377602178225054
0.10900919371050445,0.2702087492135203,0.33310339247658827,0.22931667680757195,0.3869007956103209,0.7913998347406725
0.20700143984835262,0.2512597187083537,0.07449331505960147,0.43937569973592633,0.41521503391445264,0.7742783025690886
0.27856890114410343,0.057888270233414404,0.28070801362383285,0.09085323086619781,0.6011153815073534,0.7998559576198988
0.1169248202694525,0.332030505116947,0.31983388531700396,0.3023838787091215,0.3420797131456988,0.746625030579112
0.06012469576958251,0.07920822783237724,0.06223699187739051,0.05399535491216623,0.027990254224324197,0.950688083325882
0.3162212044643837,0.37889113800770813,0.3237737001913156,0.24501383331667717,0.1835003852821256,0.6690457097242986
0.13422725697303833,0.07107476345182863,0.2623032100006756,0.0820902979243129,0.3493266187344563,0.868291597710752
0.22304193248192541,0.3230085454059126,0.33779639641351455,0.2392680520801333,0.4352951978884739,0.7081896613439822
0.043855712182668656,0.4071185449422101,0.3049209319049973,0.22052299529437597,0.37726920660039803,0.757213446327393
0.1366266134402893,0.4322806981875118,0.18055308718132787,0.1787350280757862,0.3313791338119998,0.7131296523575017
0.1935168773138802,0.053535676319822034,0.2476417512523962,0.27100663594199437,0.05553030780869475,0.8700778896405834
0.08855687741910243,0.018960092004104225,0.029414973149706636,0.07917022616132902,0.0385884821743494,0.9521350619773906
0.05910023636451087,0.18964647567416645,0.15175351214878335,0.451310657044551,0.5246965720179907,0.8155184981558008
0.10248072450369504,0.4088507413099552,0.3901581147202767,0.3455996572099178,0.30951194883496447,0.7138476062052644
0.22215603808345902,0.29642869905912306,0.16415601170584918,0.3946364907895297,0.12494346301955823,0.7597471600821899
0.5000285008772033,0.2063622882531806,0.3744026821854264,0.36388448547233393,0.21673254338110917,0.6495500293051168
0.09702591865653332,0.06361205236459395,0.08913650378997534,0.07605997662077417,0.046435358892493284,0.9950568430973615
0.2714066205793128,0.09138021648538419,0.13226676914801364,0.2857819664340643,0.20879711511470866,0.8182535473375799
0.36171810344678385,0.2010550382261163,0.2912575276847966,0.35759889902932845,0.09030571509320141,0.7203827646793292
0.525270632394125,0.357227286040668,0.38182877559559114,0.4086549787698695,0.10631070131643558,0.5841744412198455
0.09372930398294126,0.33495255381391276,0.37968248321235165,0.5916932992416407,0.1676969335525186,0.7557852785337367
0.5416592873103925,0.3576079950408255,0.27847468200347614,0.21643941611141182,0.11434729340391415,0.5877427580242397
0.017813805682470474,0.029990621426015253,0.002829754534689566,0.07661241169658622,0.012443589941091106,0.9287247247373309
0.4574049041565562,0.3055507571278728,0.4162981707125929,0.30876380173577783,0.3171494219174429,0.6145481309946486
0.10113053816123027,0.05857491374372989,0.3353999559341444,0.1972995167118193,0.45004040298766473,0.8631614681011592
0.1982753755768706,0.15679805658998064,0.32019327091944894,0.13251122840220583,0.22146580674273345,0.8019726650817375
0.4417852325659172,0.17951543260987143,0.33076678711094243,0.14791607824753428,0.4638560972821631,0.6849109460922438
0.056673625503100414,0.04058196872167559,0.0025162382574432708,0.041490903611156905,0.06523086703672396,0.991608274493286
0.23121024686283925,0.12080397083835226,0.3130366516095614,0.062014651082235715,0.3420720045288434,0.8092851965299288
0.5268198911496275,0.37596232635343213,0.33320817236633826,0.5996743624823639,0.2589838531971205,0.5594970132463707
0.23330830747946868,0.2153458874146156,0.17475868709977868,0.23415911060045572,0.19122088906384438,0.774727718607296
0.31115695134245586,0.3372435297244397,0.3926098404840444,0.23242727173717315,0.4250384941357375,0.6492502444652065
0.524666091044456,0.15530722964079535,0.08963393740520846,0.3178898596625731,0.2059049619969109,0.6838263307061744
0.040405129798448194,0.01765097779151199,0.09781785612398221,0.0956468468603881,0.0222857309932729,0.9931228170989512
0.13000533513897383,0.23000828183173758,0.19787706658996104,0.5489036230287471,0.12767009314406802,0.8119541013892304
0.2266906582078569,0.21603503431630539,0.36908271236845164,0.3367030433642731,0.6173865884946264,0.7375973874929398
0.06559833516903059,0.018462113163402682,0.093810579232328,0.052530995784971814,0.04911130523438331,0.9984135697310967
0.7171131045074831,0.8124159870364164,0.7554905782374293,0.9527177639953102,0.8757796684315646,0.09652450762965496
0.1326139166973097,0.2650650168971694,0.41222869912098814,0.2737322232214646,0.254129403198061,0.7687872167695613
0.022910928498195527,0.004574639714364515,0.014004471812838426,0.03772270648580294,0.08930496252379637,0.9351601327485782
0.017096795194335924,0.04924678358763743,0.041034924065980666,0.07165567971709817,0.08707901072645544,0.998502037219281
0.5207941326840836,0.38318766912160607,0.3646448009270705,0.07458313925920941,0.14571951016131574,0.6030394364009853
0.14495928591700527,0.10707331281178341,0.4106726261886898,0.23235459122671512,0.32690496759213766,0.8346268026455845
0.5300851166238831,0.5180165780228955,0.32473405592671795,0.331822443402115,0.4800298083707978,0.5056049686948583
0.03592206589445364,0.0038027111977306906,0.09792765475026818,0.09683717098202571,0.004419926744767511,0.9620527314466413
0.05288346699028012,0.07407810005314429,0.0462002681617936,0.07803057562829291,0.004997078906551655,0.9281324428561327
0.06885748190542336,0.446377715132747,0.14980484234836589,0.15004888735435257,0.055600552832028034,0.7754967363283892
0.05565598029926771,0.08167685165439735,0.06550050763691355,0.02431289883446949,0.028114524190619907,0.9947586186428828
0.9148864857069883,0.8691658101203887,0.7027884694270163,0.8853152024207518,0.8234381834322584,0.0049644196166521715
0.05152093914647028,0.01920327524331177,0.042576766354804674,0.024698657500037524,0.016907450059776376,0.9504314042996682
0.5390471040258038,0.46711024624381026,0.5532589578169403,0.45525884983570586,0.2313383157539471,0.5153728100695582
0.2180087472010178,0.3558290497589771,0.1514567248634104,0.017808148534312493,0.12194202540004463,0.7524066603409376
0.5118208698936791,0.2894451721159875,0.3478536537810986,0.22697727561810055,0.07841252405492166,0.6533233235159711
0.36383550059999703,0.5026381252417612,0.212957703650914,0.008677588287557011,0.22939210590864006,0.6147566970355052
0.5445112071782316,0.2037659623971883,0.2646815483290662,0.47748996770569035,0.6247112194166274,0.6181040270161043
0.021424560859513445,0.4033884756996151,0.19145549514606863,0.05700752298723225,0.2074075573588887,0.7822958205987909
0.30393615862501594,0.33163527937281934,0.18331703897922585,0.7301900366460802,0.0929353657641518,0.6925282653983905
0.7708967751441768,0.7270420777347836,0.7574880015863443,0.748387631372333,0.7202995017723719,0.09574255818983492
0.14106139002088292,0.19748523955228184,0.05567752171192627,0.3808435646009674,0.3458091993469909,0.8164793588809947
0.2987765014304245,0.03923433344020988,0.2834696379206108,0.08130377434150689,0.37941624048204625,0.807418692253291
0.09442851918802522,0.24575863762539427,0.10280817811985313,0.23851999958392617,0.20796820715403164,0.8233700395086531
0.6359035595895273,0.4123718589604246,0.3085239660144231,0.192470771268377,0.05394859095484809,0.5358271247801916
0.21821606088093304,0.22973119936701492,0.3875415664268805,0.38210497737325466,0.37966052551985546,0.7295603600920224
0.31548241620622397,0.30590213456838045,0.40203473449990573,0.18884926019936352,0.2603831052413834,0.6752635147278476
0.2607079261211888,0.12162662685201575,0.14665795888138722,0.25279280048925384,0.2931858417286946,0.7940298816432658
0.4224273898295277,0.049136517045769074,0.08012736288504588,0.13707198985236257,0.5073804912316741,0.7649380035760172
0.17082926524558278,0.21199034438527106,0.01690423071699733,0.27403149118358133,0.26685658427226244,0.8134976543511212
0.2565863199801682,0.40802319999331466,0.07623467844825255,0.12612647514203112,0.23668264257301272,0.6879035946532689
0.2651574433650202,0.28948244461149447,0.6009792841900337,0.12948298449999307,0.34803028934616137,0.6890188756735834
0.06069065270309632,0.14294447901029406,0.44754951798636206,0.6805294136422465,0.22993054686049702,0.8198554164700856
0.03981419539660806,0.06881199264244955,0.3630815700196507,0.22094405041179527,0.38244058465612457,0.8978997829282233
0.3354249355384948,0.47805064411712833,0.0392006634889049,0.31724259362815216,0.28808794516679403,0.6314233222553157
0.7772641860575847,0.9729015438826206,0.9768252761104093,0.8805467595719004,0.9123767380273844,0.1633402458937627
0.00807371784000136,0.07334441857359318,0.045014830528434635,0.06348464093650844,0.0753815739113376,0.9873786537869305
0.12774179627077423,0.3855649209836862,0.16153706214791233,0.37477538387563564,0.3674377448810921,0.7530811280448424
0.2880155464028137,0.018165324805296253,0.32568550544794866,0.13425830034510133,0.2737238570074369,0.8147425454489814
0.41482868396751027,0.19461381215079646,0.5290793950242473,0.15503665500429167,0.15006518283530842,0.6932544809879746
0.412519320532224,0.11048809094860101,0.5429199654009844,0.28434787057788025,0.39017063899343923,0.6931337254992872
0.32382135747885105,0.10849386294731961,0.6741359104751276,0.1996815558518753,0.11351835932874368,0.735745253706727
0.31353705931765424,0.1976617799296978,0.2000403741874933,0.21254610127764265,0.0652604712470902,0.7540423193989687
0.4400307639755862,0.25655835397017657,0.18214276589394976,0.7292605223425528,0.23534652289608254,0.6562811354419499
0.3212658186958191,0.3967879731997791,0.3363410263719892,0.19092081065486072,0.508689326014069,0.6354245417996971
0.18063380661030148,0.40843224940048317,0.2810257192003524,0.33141971096580775,0.4810834504208881,0.696032602601305
0.04570184569445863,0.150992926166858,0.310987022962466,0.5454464929062313,0.4600822564854262,0.8525716413422567
0.48569234685371127,0.3279578735892859,0.12583806373384068,0.2702450109871823,0.19912086285476926,0.6274698660763821
0.6518362739185918,0.1938472477026124,0.2020012395889329,0.09072982349617205,0.21530053564113644,0.6101432721731516
0.05761399633551028,0.046821812357729455,0.011676461125348626,0.07199865809344819,0.06464438725547404,0.9029940513710376
0.9236021325150303,0.9216153649616952,0.7843832643540601,0.7022426759405709,0.7884372594729894,0.16365343343581218
0.04119536324293344,0.11118758345706427,0.3976753568097982,0.008699504116476004,0.20410603125050486,0.895524731548656
0.2056788360416841,0.2922428695776788,0.39875953904230566,0.31158810781281615,0.04288973128929155,0.734686015666467
0.25109787232048447,0.11375643328113902,0.10602914202671841,0.14367701844094233,0.38013431760216126,0.8068102470874521
0.13708514515114265,0.2747963093363333,0.13847974917895178,0.5409846804280035,0.13023001001368664,0.7910753236532959
0.1302740052424783,0.7780069490198113,0.1904455815761827,0.6741133330682427,0.206379692289778,0.5745944507384964
0.27226555093312327,0.16577328860577786,0.2891215448946202,0.6539587053644431,0.4941940814186043,0.7446924149855179
0.24611140006925436,0.2766964498336867,0.10270598396502936,0.3571793440644787,0.4829903095307901,0.7270453490488613
0.1412021092298885,0.27340525862109505,0.11106467527140834,0.4820588244822885,0.13593261707304286,0.7913129037158374
0.4861145992171175,0.19256290178277605,0.27017603544439456,0.08581665697918683,0.2552727583954971,0.6934166370915871
0.014780399990921697,0.3787822447137124,0.18202358074134217,0.08856937429229066,0.024591828198516172,0.8300008297054435
0.4539745004458399,0.709098498886672,0.5579843194350199,0.28816771681438386,0.044257666923781004,0.44996337893068017
0.14232334105250088,0.217980532337317,0.08052044628974828,0.18679816679253086,0.27132478723533276,0.8240668019381262
0.24148516808347148,0.19251119989724946,0.6454535126689132,0.3125584873331436,0.2645070374744326,0.7301430992812269
0.33406224991965594,0.5289338440089253,0.1325818374187735,0.2977653767053793,0.3390099971539886,0.6013365675878759
0.2810880917112684,0.25955705371908616,0.3902661280724584,0.5581939116137153,0.3466191027654234,0.6921201277530298
0.2061293731635253,0.30475523313673375,0.6441400043350626,0.29507543929283686,0.061505361647665006,0.7190733243972742
0.0321420241156967,0.09270250893166991,0.09578959061244137,0.08522620286623545,6.224705651719509e-05,0.9637801262460964
0.24593288911295919,0.18835745920112393,0.35750101053005545,0.4126733357660274,0.19074776850674738,0.7591303298650713
0.4382524363063503,0.06567946742755973,0.17107718868836427,0.12484767473983732,0.2541952382113729,0.7672346528504692
0.3490695177338801,0.18848875648287744,0.3180991875417314,0.42044804254340096,0.4303010653775071,0.7281537378186669
0.11797091530700014,0.17942782103383187,0.38321626887804827,0.3531982784163333,0.2242427401272845,0.8168404560428474
0.5547513375151625,0.274091192381732,0.36842887951630443,0.43811974742606663,0.27382866526538285,0.6032307049800427
0.07677377226121533,0.4326851170849218,0.05228069674690489,0.38732534444820865,0.45489751672781475,0.7515067391219936
0.4839746396768906,0.3443560279255286,0.13681178456453563,0.5569524543606899,0.12425519536582208,0.6188702306752548
0.9510471873788321,0.8895323177919291,0.8720665999883291,0.8036173493487047,0.7786845900585232,0.20734577814458077
0.08133912099374865,0.13919567957486487,0.2357730973266086,0.15088361693843888,0.5071967756341893,0.8541418332524289
0.45553429315943345,0.18259874189950187,0.6496212477099915,0.46547790032366515,0.09168711564235303,0.6305307617000153
0.3740042746314323,0.24678348733853436,0.5781795571186816,0.12912892319046124,0.23022787774737535,0.6726288240959758
0.34039059318099796,0.04891475682809842,0.23813541095651308,0.1123983100220779,0.2615467000793167,0.8061499234416795
0.1467751624799286,0.458295624805571,0.12110804994961372,0.34917504917168,0.32507827350238416,0.7047785307025696
0.26731000106425495,0.15870854032939444,0.6540163187308766,0.3156518365990816,0.3720256421410083,0.7443351652594337
0.16045474274024674,0.15125169368324465,0.6276852842463181,0.46295316956404453,0.21645951288659174,0.7798302162998174
0.9168071990663291,0.7065538264869436,0.9558394309007368,0.9330135333672738,0.8396726769968885,0.04119667772951811
0.10389755243693713,0.06831505233459537,0.12016957554501873,0.44631863269635247,0.2592577536350598,0.8921778192551028
0.0288147899943917,0.06448617474196121,0.08101979524013618,0.07626931648531968,0.06105483566893044,0.924371127580965
0.28277292831949336,0.2769346350351254,0.08378795329777465,0.2090547926013697,0.5298748017002755,0.7421198994402353
0.21349160042160203,0.26851674193805863,0.1951863236592688,0.12410624862324374,0.3042637123519897,0.7795355172954613
0.3559589768372399,0.42884043317040277,0.04785057026760005,0.5662994875750398,0.11577930328853478,0.6618442990471041
0.5734595733853664,0.06673931004552998,0.14157400130164982,0.1644889929774425,0.03177914204932743,0.7245182078730261
0.1639735907199302,0.5197316555918152,0.1936483738478161,0.283056058967281,0.41682082724370134,0.6617896499725087
0.41380820189462775,0.2560636238749061,0.4893291935769541,0.10487718257284231,0.3896061418824537,0.656010861354917
0.2933154218576188,0.1909458793977171,0.27996091458782524,0.260034222491986,0.3373952685251062,0.7648178931116805
0.24207956740808184,0.22836880255734288,0.2050464099149696,0.27884301679802787,0.2679803712766837,0.7665687363525714
0.027126752195815736,0.5739068714058971,0.1802987558963546,0.17727434162048253,0.1824621595046853,0.7192280522729733
0.3306799193500325,0.25109762246744194,0.623871701186929,0.32421920784247227,0.1147780138873812,0.6775030198641011
0.8589143749035942,0.8954593575768061,0.9079636062487054,0.777234113654935,0.891181682860502,0.11072018482281018
0.49027942323195844,0.09690992822820647,0.029452961229265957,0.3125453533167333,0.0911617554633085,0.7511869627265098
0.4097408355054224,0.18209066781354924,0.4549897444243035,0.5795694650793749,0.19683426788388442,0.6744313109785827
0.23165967049274275,0.41200887246962475,0.21961767196415347,0.09535145557235003,0.5525821153349932,0.678346117680461
0.070636472744766,0.060290818158370243,0.022484535735891653,0.06493734780462979,0.03168699246402308,0.9533984088406854
0.7607943292915957,0.8206888297830781,0.8848306724035349,0.8582148482856355,0.7449704994106494,0.14940672174416522
0.9762195122686022,0.8473362979475121,0.741357965378422,0.9174435395784931,0.7454021161547866,0.18926327849982397
0.33242093563212066,0.6050840381707812,0.4299456368140504,0.19789491452429325,0.12996461891838074,0.5632365898868384
0.8755074038633638,0.9222681410008701,0.7436170284621136,0.7858642708691412,0.8480816327080368,0.011561164507567766
0.13597794871736024,0.3697223260459218,0.347006403864722,0.10860371330644003,0.19615281795369224,0.7616529323699388
0.05855693160632409,0.10090893835202436,0.4848675834949434,0.16750243909679222,0.6108342291451259,0.849275195297028
0.6014318584295841,0.048605603013658426,0.12847658653575367,0.19497733261484593,0.7187466236049704,0.6590364045140029
0.03864581053092225,0.05569569914218861,0.09415547757668878,0.07306056990569898,0.022518714794945906,0.9628775346021385
0.6298113016787912,0.1475196734552289,0.5244071210320529,0.11390327412932477,0.30928742895959854,0.6053597879772835
0.7589305011084351,0.9996499712899634,0.8228714740592062,0.8052522031403702,0.9893806396053777,0.007009290549973934
0.2623930633446406,0.1305383019372005,0.47528472937166355,0.5354400011033285,0.5486249951831236,0.746146895033167
0.13723390477446187,0.32281914989311433,0.07332241403506419,0.41532241908005557,0.09877220185350448,0.7843154556094657
0.21205340635920894,0.2068385904821778,0.287775642922321,0.4540810265282817,0.23820737589207885,0.7565341279395916
0.14378316666901567,0.33050909224697006,0.15045522171733397,0.7849194110053164,0.36946669129539245,0.7251919682751554
0.16497031625303862,0.24223576954097367,0.26898171891018247,0.47643702660005943,0.12062693434532551,0.7798771851482765
0.0022231113566774543,0.09605782822250825,0.017970912113596027,0.04330791066848086,0.09679318283806768,0.9563071780909413
0.1236767140023194,0.05546888646756753,0.39567364912066916,0.5674703943731932,0.3184169616949974,0.856673288789927
0.3001301290644164,0.22360399035779838,0.22579290795573537,0.045172090324564,0.421495566745162,0.7435789921631591
0.08817666749276759,0.3023541789566733,0.11756201872993866,0.09641887059471332,0.31074450184380864,0.8016246562039492
0.2813573235923288,0.22178893031626892,0.22173556953792262,0.16694279994482972,0.2511995712267544,0.7656463944673519
0.2627604540410931,0.10122228475579592,0.5579356064029009,0.043663936884359676,0.23411478394470092,0.7656170568686225
0.5717220352780182,0.17185774992600383,0.28270806643601215,0.23631045110258006,0.08018431371655693,0.6571542012487792
0.9316971151379759,0.744243074589366,0.797155693200303,0.7885617104150697,0.82302586982184,0.11404142441802928
0.18090841061389792,0.28695822840288976,0.1897016136725831,0.30180720617775525,0.1373856235717692,0.7616337874637852
0.19189297244548909,0.23387309419376845,0.31059725894419804,0.3532268987373027,0.42289197563938147,0.755503662116449
0.4378854504808222,0.10927185213736063,0.5236719132330944,0.11200651855523704,0.038027354334360386,0.7145242203982453
0.27657048229760856,0.3903074327187307,0.6056712942489574,0.3953974732430484,0.04408442812621077,0.6394630968073065
0.3600801505110385,0.40590153382527644,0.3927676600499421,0.46676304296208726,0.2299508027709829,0.6202595079077527
0.29820374710933634,0.4708829456134592,0.1687496947835878,0.2989746055863586,0.517467732955619,0.6431784713323621
0.010773601194612415,0.04228054073186366,0.02133134958852111,0.044835650128758314,0.04262246016936688,0.9601523466528148
0.1518890752929192,0.6391361331561788,0.2592163054706376,0.14927216622928396,0.029612869956739916,0.6563435883785704
0.09870466701932754,0.050056985549187395,0.08681451530778889,0.05608601251469933,0.08760226599196655,0.9438865641899855
0.33110688613123673,0.18644967094912626,0.17264592735888445,0.2295164874995931,0.10825203038716043,0.7699708635134933
0.2008776114080248,0.14042112888378822,0.06665682545990469,0.5285857651139089,0.13992534735306789,0.8120979618024163
0.051242219950686375,0.015010388233625195,0.07994541186871683,0.011145547248523636,0.04037326996223689,0.9638832390730192
0.12330677773666152,0.23506327044234807,0.16453284144335403,0.3716477292109193,0.542517258623238,0.8040167384515096
0.3349205797884951,0.15847211787486712,0.3698122869115693,0.5854704248710367,0.04759251411577765,0.7274280240804817
0.1397202806821597,0.46372874861209323,0.3378920092294442,0.7863655367846603,0.5237267794509596,0.6599042463935059
0.5791007161606667,0.14245196813666436,0.506867287556125,0.20784301971349034,0.22304089254858203,0.6321367152804218
0.7419448036885942,0.294638826074273,0.6239588197376866,0.34377066810441753,0.1736649334013376,0.4949425106564422
0.229838746712316,0.4260622139404841,0.08474140765469339,0.3878687357248128,0.4098615419743054,0.6885866231956529
0.4154026027994106,0.2187105090817476,0.11709974724569257,0.7570291701429289,0.26920237153334325,0.6880465646811328
0.3325062048861093,0.27308529454358194,0.5786316203060736,0.36099683352984185,0.2529997472575338,0.6708574497979649
0.426517797894386,0.49698719264722435,0.43611304258553696,0.34147387645786176,0.2317248531126819,0.5654766826665998
0.6609010846342681,0.061899690203227505,0.11128012016957353,0.3241887982262194,0.46564578763354963,0.6641811611234493
0.2930990674380786,0.15086512789512319,0.5933736864973177,0.051302494804135915,0.48590265579412667,0.7342180930983909
0.013338125594690553,0.45037111703859994,0.07509889096827092,0.43183708653806546,0.2895131693333457,0.7648460330542196
0.015831832107518828,0.07887784247534958,0.07691440583448206,0.0289302247821968,0.0888715865648287,0.9782081941530341
0.5170278545537692,0.41915237714466747,0.22454890552126427,0.0895146976703399,0.39306495195696456,0.5516678796355489
0.057227944692269175,0.6988139557833642,0.44363395212100704,0.5663903958431861,0.1274901554175793,0.6173749408718634
0.6068938944826024,0.05132841428940284,0.192811294789848,0.04491162750601722,0.36306187978097965,0.6856007698966631
0.0668373405985391,0.047973657567142704,0.03142015573902488,0.043253875431567834,0.05659922646398592,0.9220915686563911
0.8771069761375686,0.9623072712577103,0.7529612647028006,0.9833534784259352,0.7029881594452242,0.00465382231034469
0.07909472550479474,0.17308474575530663,0.697848837359444,0.15141752034153466,0.4044778728963195,0.796337848082273
0.26411880581258146,0.20329253726330682,0.17460375963845767,0.19861576717039855,0.28069494728565336,0.7770856379692758
0.1450596760975019,0.37209316405934006,0.34429637504444843,0.4023546031910962,0.16415341859063678,0.728717584716033
0.34464245759930123,0.24488119210998413,0.2917576458790482,0.2523991046387513,0.20955767530807512,0.728184919638795
0.12057825936537216,0.15093134338411882,0.28486621982836935,0.4529156436562391,0.2764842162941509,0.8483801092736053
0.5177780423520806,0.21488396517695565,0.10801822285026894,0.3115851841333592,0.24935078673974653,0.6650255201940616
0.837289802265434,0.7762649681302913,0.9734847586814842,0.880809736150859,0.7795769585350549,0.2531802484077396
0.939386029809991,0.9776448792643473,0.8505945932662932,0.7327719475815377,0.9349866669951643,0.18010586431727463
0.19627872082327022,0.28519511216517385,0.3656270303848698,0.04577613334409508,0.37284489442977997,0.7681947597775823
0.18236175387586814,0.1940615457967129,0.17904701710350618,0.19003473853254982,0.6768734946623065,0.7809412304467325
0.2522517475269617,0.06450710639740224,0.425107670243151,0.08633413869586982,0.1592557988468639,0.8131033484586357
0.04065240918944571,0.14822583187083999,0.4123963163752194,0.33172522479548644,0.4301898844141748,0.8381168326467332
0.3578187963663263,0.12006194019470649,0.059611292333374456,0.18972661045890216,0.13794364775867785,0.7832364101781342
0.15550326169247852,0.43165481779495135,0.21658576593355913,0.22257677690609715,0.1753161550516568,0.7188141023341855
0.4235698184514463,0.08758608403510441,0.3340665661667239,0.4495719519700354,0.2515599695612433,0.7353423429641422
0.44685219369483503,0.3955962022854179,0.1400794166551035,0.2996136566213863,0.2517333262852223,0.5939871009268087
0.4449458737235301,0.19630476226313812,0.5027814809555098,0.021297452092839897,0.0816573797617853,0.6861975532941552
0.3495493880605239,0.2404835620686549,0.22375928328549038,0.4181442097792238,0.4390211380053117,0.705932558049017
0.7842122812975445,0.9531353295753798,0.8870447321043469,0.7125965050285318,0.819494677471227,0.05329680141100329
0.49764687439639277,0.18052874331735222,0.5060365497979403,0.25653338743808507,0.3369808154736918,0.6543336060732259
0.35301906041150677,0.5457427111252936,0.31348341224727855,0.31266905965089126,0.07549090727349128,0.5906339679317234
0.348523207774895,0.1972195186488202,0.2808618374679584,0.11620192650977633,0.11951063956794256,0.7346531197182784
0.39836736091044056,0.25732669494478727,0.241507771884786,0.2365108820705173,0.07860602167076615,0.6796936955802535
0.8105483012932744,0.9154876021214046,0.8495692126284753,0.870774631134626,0.8570282307426169,0.2076654677271779
0.6535663036221161,0.3549688649305626,0.1648453712376931,0.07909198797413797,0.11426862469293712,0.5736164132147821
0.06796828775507222,0.06011830839518508,0.030807573118564285,0.09365599920122052,0.2919349650230991,0.9189987762378418
0.9478276833582359,0.9580345761248705,0.9471067747519485,0.8372627649191589,0.7974582433781097,0.07760088963251206
0.11589173380314252,0.19518816772247197,0.20576388118306282,0.07886034311156168,0.1649215613478639,0.8379519340635946
0.28143334907335055,0.1894531325831319,0.1150946068540568,0.3383334177005846,0.1801153220331744,0.7845578456499295
0.11956740938013885,0.3240703082269165,0.07823213671756245,0.22779517931661786,0.49995687762491947,0.781364113495353
0.19888562321116215,0.4397626770675401,0.1255775224601919,0.1383008249850522,0.23317145777775936,0.7282092846846041
0.07044139226118197,0.014014560747260074,0.15740068366348808,0.05388624037316674,0.2289977805629126,0.9399634886717849
0.4551597928900048,0.28755653999970593,0.16633826328759604,0.11616115073377685,0.2468121465445813,0.6684112221167805
0.379625712051158,0.37693928901547263,0.5283935922320875,0.208362908492475,0.21913629167324974,0.6043139121831308
0.6618131445009781,0.10611185191168829,0.17343015875687368,0.2540272097265967,0.13634809377415402,0.6565049802725604
0.44064618606645983,0.26482097592105514,0.17678433491762327,0.17228791697140647,0.39224433330633535,0.6695158123644133
0.06948792611562547,0.1697719340033571,0.44461231091560843,0.06579587307450178,0.4812255360593557,0.848635380119092
0.5095985612755747,0.4570081833148999,0.12082080533534732,0.21825073244472867,0.08546597501847893,0.5882240633020235
0.1493362462553793,0.17252439172059483,0.7004108961243839,0.2750794345806809,0.27143011865862027,0.7817142629587178
0.314720980619649,0.30742382601553747,0.1630117175252163,0.4498094150171736,0.49119861057666736,0.7018293859861445
0.10387418789996018,0.265600225368774,0.32754568295234,0.3371162378517857,0.7889899500331046,0.7765455773637484
0.8167528549942837,0.8866026870635343,0.8549926340595262,0.9967872693869042,0.826184047507929,0.03174156621794853
0.14932316516690733,0.34365305079917424,0.30036333856073766,0.32267056870099226,0.2736910528755656,0.7642443552880152
0.7185234274523548,0.8388667820768508,0.9689579350571194,0.8869069928728089,0.7375794006106867,0.02397578510024444
0.5397535652724146,0.3173512757194442,0.20244171794581342,0.3314184605602478,0.4906099141463818,0.6091173475644683
0.20638116668271503,0.408428229023747,0.34852220823182206,0.4774128017092147,0.026855726454548746,0.6865448824053643
0.5549298642100525,0.3287359724768777,0.04875856573986234,0.1031266097981638,0.193432995275379,0.635430126727217
0.26469616515204925,0.44610616582455215,0.04849977015869156,0.09974465745902245,0.07341991095918297,0.6925328351511223
0.20752197434122818,0.0838461445482121,0.5253704699917969,0.5508275181835934,0.4018472396141697,0.7894693273051495
0.053680119741308374,0.33222314421363647,0.28139836686842734,0.3031854384866447,0.10765962553406117,0.7884173254954432
0.44520273384232933,0.14987297858101592,0.07754257993111613,0.38955036857609987,0.47747693359692883,0.7004966379022045
0.6184913264668911,0.40949952698254977,0.16311392005257233,0.18705870625096396,0.14550864828456925,0.5462007991873573
0.3079636847431777,0.11921532150939099,0.2503143027148221,0.13315901485227447,0.45581081995863454,0.7796282626636936
0.6201983383691245,0.4837220084837533,0.31750716119211514,0.45844875059546086,0.43438156119284216,0.48698451296176215
0.15909065280331444,0.2832464571044715,0.11758056264728883,0.08893122397595339,0.3242608548648103,0.7955494584295738
0.3646050375441866,0.49446696815317726,0.34859471576890433,0.5678407399824943,0.6266787104764515,0.563999077882117
0.1976561346945491,0.5507576268862954,0.33355281794891867,0.16933623840909512,0.07272549559648551,0.6503357218918288
0.5660612912767989,0.2381966851116,0.2391854360946081,0.11944686532918074,0.5207524793394003,0.6151541002169969
0.00338741498831866,0.03136279295708444,0.05935777751199459,0.02533468487885168,0.0990461080599024,0.9142557929514311
0.07981365417802973,0.057247707502925106,0.012542638002078433,0.037482669977718146,0.08892084862798261,0.9897597820889698
0.45414648296824117,0.2631061755932095,0.3033762034986573,0.14093097744717661,0.26369049170680975,0.6746605437192966
0.0951976421001321,0.07207702617243944,0.05842118888515663,0.0648361466998063,0.03550997630664606,0.9319092354292403
0.6096707303826775,0.4156675621001299,0.2452125434337544,0.2202097192967291,0.20285769921187077,0.5348686567231521
0.0540647978366633,0.4344766394558312,0.19270932944756594,0.3272236340698092,0.21269897071415655,0.7483346878310148
0.45879491919932563,0.09846253405347176,0.21469576777203314,0.24421504935167626,0.11988895810472087,0.7241552466942952
0.2797013575382582,0.4666120953369386,0.34277001956479797,0.4617127555206162,0.07131446465159488,0.6435927808949959
0.3072771084580013,0.028260687861316264,0.4012520739808243,0.27177459258820996,0.3460031717393052,0.7894116200217008
0.8179231521472302,0.8912310209222895,0.9392943730131547,0.7910154909853367,0.8954593854682583,0.14556405839291164
0.10722526643173298,0.31584350801518024,0.7003114662616114,0.05421556544850165,0.22731702180184246,0.7454993808213661
0.3770639818680073,0.11799248017746239,0.24519861440727062,0.2631914543237002,0.06163163073844574,0.7641030465938166
0.04481883759223533,0.004840483232325655,0.09601789047677663,0.056597771482691496,0.0038543524296259625,0.9038727936878708
0.09330735258658554,0.425754991802885,0.053095351296450356,0.377489366973799,0.2748895781109766,0.7662845628442068
0.42918851852003115,0.4706015920875558,0.19330151332773626,0.2230899808617359,0.08234213846459797,0.59880310159684
0.4391404412077546,0.25642032151570604,0.31131413395110313,0.34692179955460045,0.3291072256759394,0.6509215628039688
0.4907174735759635,0.28334732806336793,0.569640293708486,0.0754894389898487,0.23154041511347492,0.6171692800282861
0.23375009773159186,0.5733950068204269,0.2714183682467592,0.2517243062315253,0.15177785685563772,0.6290921623606792
0.5873590601705874,0.13255791157255203,0.19407398224474476,0.26872925723846514,0.03582387594115361,0.6625688452749161
0.27353861055878254,0.28830931876078225,0.24530355908782234,0.18133370759446743,0.29765321857656063,0.7110145985216711
0.5338089235523403,0.17267362385951499,0.6247610732754344,0.20396966865486976,0.3085858912430119,0.6278953332343339
0.4977652419867526,0.34016709952032553,0.4144620855544905,0.3428348470772568,0.2171766515193372,0.6092382570333762
0.19639232316728122,0.6852299190007336,0.41831994288112495,0.4992310496989319,0.392910211094142,0.5757595985825753
0.20698281621196843,0.1779727879074285,0.22053545627235718,0.485104423807897,0.4422762698173497,0.76642310120208
0.3092807852183382,0.37017307264000804,0.48745335804401646,0.46717437734996736,0.14724081559205157,0.6444473296484987
0.9378645980609444,0.7372533321906839,0.8504922218470585,0.7404188251777477,0.8070045651628595,0.1293588754482933
0.2201679526464557,0.15910678344901075,0.5070859258301997,0.3696999467063478,0.3939294878737311,0.7624392121424901
0.3283080109753143,0.5833857679328899,0.17631253671442004,0.3882108544291924,0.19006747196012475,0.5790412786373509
0.33252998755671026,0.3444907763795205,0.2544581723258567,0.13007242466862323,0.25323531838715585,0.701605342923323
0.21432489810933478,0.19567715611812805,0.17274590325056288,0.28691355763693266,0.5882594544070111,0.7692633392967843
0.572961885670593,0.2524301930067004,0.37036332642378944,0.04518852183709729,0.3786397010164138,0.6153043495256215
0.20519381117795477,0.10026930279485738,0.34160128056743694,0.606255276056334,0.11609107296284375,0.8042446756438743
0.3413790661984561,0.37724232445432176,0.3776814893157682,0.23504294580269255,0.12860142036945985,0.6533575594836518
0.36965400535978404,0.3803424394373842,0.08261744043844753,0.341987473486869,0.3023890092512592,0.6670878795927282
0.44574191783478245,0.30538808586782745,0.13024094246911966,0.2993102823644586,0.346729513514095,0.6640717052395227
0.0316750475431701,0.027361454987808287,0.08456509415443597,0.05181864730121819,0.02740894478013225,0.9012231623507424
0.72207935380465,0.7004559253689917,0.7921693259556795,0.7386193335064284,0.9959890036382999,0.21639731794365294
0.5634015339795546,0.5309640274226414,0.32839773499426445,0.287917700682884,0.38080004799148076,0.48252220984379635
0.010196305733309296,0.45759131386181856,0.0880408462471618,0.07254801251809488,0.3897527410933036,0.8075689829294959
0.24975737013497698,0.05911505215981571,0.08257053637748571,0.25784069385447267,0.632680266174603,0.8267376568099593
0.28196937401071487,0.10345526347801395,0.27797085553774187,0.3465571967141301,0.3498298453901308,0.7742350777654823
0.40258254268631727,0.2651387721199607,0.7054176312464455,0.7379960808076677,0.07344450815991357,0.6312198471296951
0.19538293948857569,0.35592978328304353,0.10621217825572993,0.14443498014777745,0.12937512786177066,0.7461042471019494
0.39933212326921586,0.34994825059483986,0.07245040646944337,0.24021378694046017,0.2246424164158752,0.6894842100282784
0.8755500467359056,0.8377491924367131,0.78292511404133,0.7700049548427896,0.8638173316879111,0.25151691918354807
0.39945070041779657,0.1785150331975903,0.49772307764300583,0.23376972527013942,0.3090263365125232,0.7004904569215866
0.4488438519283061,0.2644693116486824,0.4633386800149007,0.1974936884543961,0.10234316076228485,0.6529001277255726
0.37861394276732835,0.26028901580250197,0.21876151283176318,0.31633660806693575,0.16374116411058123,0.6833175881748798
0.4650848299745363,0.18412906299962914,0.4036379210545547,0.12583227794903257,0.07222814813734749,0.6802081841794447
0.024509171793929908,0.010288354570819926,0.010425241488342963,0.031354098542923474,0.07920640768320307,0.9912443074156874
0.164556678652816,0.11440203671931025,0.5113379287746946,0.5792637855183909,0.221948549192894,0.7903739023425462
0.1366464192248491,0.35099391713821093,0.17790148812799156,0.47636715353972026,0.5248915514395904,0.7389654646090159
0.36716886306510804,0.21260732416770256,0.2865416160857504,0.1972515848954402,0.31419135397893605,0.6895450927279232
0.1466526371833348,0.21041770091298603,0.2850603265482729,0.3668913283566879,0.22269331854406157,0.8011293393096168
0.03959656491633954,0.5564893772863277,0.31562634913508314,0.20087925621536554,0.3268713164644622,0.6838576623336369
0.5967975038025918,0.3403225083242689,0.11068284149360305,0.28853224217983836,0.10876720836277183,0.5977980964555057
0.6429565418317447,0.11407163361490734,0.724188936999933,0.24256280735353142,0.1526491523296083,0.5970037507247988
0.14532007470929792,0.07870490259852304,0.13634898969070597,0.1250068098775573,0.48118713289001347,0.8677916066844195
0.2151998557400064,0.3658637985237106,0.5269132090139473,0.14665669374028842,0.41355040289530764,0.6735332740097271
0.16813499932082843,0.14191395137887539,0.3754094931001866,0.12957917718295492,0.17732075678508558,0.8168012172825959
0.35865151241403903,0.07458349667885603,0.20369146220741702,0.16462833021323833,0.1394041487575615,0.7706709945151838
0.16118621192947327,0.2557265209706381,0.07468389756780809,0.14510025880044505,0.5508119360848003,0.7785087989827917
0.8934411499949799,0.7459269438564412,0.8243427564694374,0.9681836307219498,0.7140276299566446,0.004474611462717592
0.42307013488049805,0.45749640699513533,0.07819615179015248,0.27249281935946135,0.35364839164456047,0.6229250708503391
0.10168847227389954,0.3284268559181334,0.17827166494458802,0.14447756366529635,0.3366425994623836,0.7736288371657564
0.3039864056944973,0.2927677415348634,0.13380791611811374,0.36006018194286676,0.11046027991714569,0.7210059051208465
0.0932043709013969,0.09019550052650785,0.06855590450031465,0.07521248682523596,0.22724576605088334,0.9092448070506047
0.13766859448242402,0.5405222604526375,0.1612951237848304,0.1667471324101277,0.2887566438056112,0.6906237136958719
0.08085886008776844,0.4364052938216747,0.5469162043884964,0.4779311481118566,0.34879017545112806,0.6913075810475345
0.2637039916695148,0.6886704266572653,0.14448548843599557,0.2201151372527963,0.07535298048406153,0.5742573775338395
0.02081253003143856,0.022428434461024306,0.06896176642142392,0.02959767489470824,0.006817262443560246,0.9963089447850655
0.02798350076654308,0.25284891154184325,0.07504155707746275,0.16110167627120342,0.3620655162498746,0.848926140583148
0.2504144814476039,0.17686435555269353,0.3402035633729821,0.41074326762198266,0.4613598925916891,0.7350082873019893
0.07901370765622755,0.39143223949040135,0.21286073631134667,0.28694941989090994,0.3632381340716314,0.7575742599917615
0.6539070556854912,0.43139255520698594,0.26181758342236294,0.438420468223475,0.031748546280954124,0.5127542143282905
0.4509939487709603,0.062106006216567956,0.2711636563788884,0.5259117803399209,0.3939323988198462,0.7165650739251762
0.9532990753045807,0.7377022020937128,0.7677910991212449,0.7364321969458367,0.78620355388244,0.05893702999031505
0.46022285720393047,0.059045879385406126,0.510639816339791,0.1210818850565293,0.059084620687770095,0.730091690997612
0.22138573813787707,0.25993689109375784,0.1678812497657717,0.3184394895696895,0.324039107814447,0.7697719133530356
0.41973697615822614,0.4507196448178111,0.440015074585029,0.08189021581202875,0.47714745320902036,0.5707316330877129
0.1423201089770203,0.42594283647774284,0.12020878566742464,0.31408707207000824,0.5049937589069446,0.7120117695479018
0.2562395342290904,0.03279342891881389,0.3556315076442822,0.328016067926526,0.32650796096524715,0.8238131130235063
0.12757284673255387,0.31232553323263523,0.04730282352610068,0.11177059536157864,0.291929959966443,0.8240786466364173
0.753457172358904,0.08787643980382163,0.1791312869383339,0.2956253072421876,0.2282126435146624,0.6427501275898532
0.03826143912083909,0.1302460622314988,0.32203717320829534,0.4102717512733008,0.5147260412693275,0.8614623631862118
0.08385604092061551,0.32322131003671634,0.21294520447221904,0.18707352112091782,0.4658869233819712,0.7797209740945761
0.09840132351224647,0.05016408266537079,0.06602278401620625,0.04014687311640175,0.06330917773508313,0.9165741391533245
0.7750854424809893,0.9386685448511236,0.7025218401424892,0.9439734012978168,0.9706605176239931,0.2755707561859897
0.24067820649124144,0.29859499570701226,0.2514151435349185,0.3380789462993547,0.47429429048874716,0.7011183002741859
0.16309698194543631,0.3062928577161932,0.295392140432968,0.05394358382837957,0.06068256510558624,0.7838029795015159
0.03821845198850467,0.0836584113500212,0.055492251781749435,0.05352411876272169,0.0694891068809956,0.9857178635186556
0.7313887034077508,0.32062118658528743,0.17821173755882486,0.15284863351724634,0.2501508069535388,0.5398744683165426
0.19802573757255126,0.29493265934282037,0.18765282340200207,0.3595680251311643,0.04463445700711473,0.7847702763317294
0.42426472247948044,0.436373254830683,0.37497796822162943,0.2572168638766256,0.20871282147112985,0.6222113068546422
0.45313610974004515,0.48634336765996694,0.3092117077539195,0.299400922772441,0.11832484576217643,0.5812516125322963
0.16137387275917656,0.2565645580578716,0.08940198647331375,0.14655069374156307,0.23815794626007805,0.797945325038357
0.08403141133803967,0.38776098230827444,0.30342341610461016,0.19028251634833795,0.39108205237583743,0.7432904612171974
0.7157773996279501,0.9860316474109942,0.9300573681789571,0.777425254393475,0.9229395087128023,0.18899191921405945
0.08832883361657162,0.01501971186619574,0.05900350540369819,0.0039894655722036215,0.07073170720243042,0.910063889192198
0.26933320198233174,0.41906625293286026,0.2281754584530892,0.2520082844846634,0.4508789390950419,0.6601098265173843
0.2190969919273949,0.43866596470752156,0.06883580304114265,0.3708287915272315,0.4725541945799205,0.6762466607974101
0.13844417239497292,0.2885329397920674,0.3498518862321652,0.2497354540507911,0.34406013086054305,0.747427009086618
0.9568797316110417,0.7407878594474768,0.7667938193384588,0.7390563322918323,0.9862488188155829,0.024825154282680426
0.05584780674655774,0.015478271786099174,0.009581234764564552,0.021462264721435555,0.09782224498081661,0.9490823537208003
0.22662661650385416,0.12657295163810364,0.11593427656319001,0.10141220597311594,0.11118920513464205,0.8474014062112933
0.09611146993777407,0.04977812794732803,0.09851729027660552,0.06301654534223199,0.017039080407253947,0.921738384002565
0.011288886856373222,0.22250075216038334,0.13684128708646115,0.5233350881276839,0.20512407137730884,0.8257013786572552
0.1796304257336534,0.34718999136689055,0.15566086615667596,0.14415797978815054,0.6796903171278945,0.725961080033082
0.5184896742641242,0.20097546752582926,0.2352949926212873,0.12655503336576143,0.1527549290555782,0.671387455930425
0.49392221609647996,0.3349725870183915,0.22843138464597343,0.41817818198069345,0.6472328746995509,0.588777656951948
0.46787091326335545,0.2671192246547806,0.5068779298182664,0.06745894539707001,0.3647862224020567,0.6078692962359349
0.4445010010555506,0.3570528326459387,0.13967962930247857,0.43975097296743676,0.21336400897344396,0.6293432690507074
0.2792707649792415,0.24333437417682188,0.4642763508634505,0.14566987416908997,0.33024554988790683,0.7339348886237635
0.459735829054941,0.01488679017828284,0.3237715254295185,0.2597471514552255,0.2844690253424933,0.7459014003669674
0.1676482459134817,0.2376474426297261,0.5111572657730239,0.17053854254934336,0.21343035472714092,0.7608195543068736
0.0021966578447580876,0.03225590350801266,0.021149204432453106,0.017565002019103104,0.04342493677606261,0.9470838593726967
0.1905332437639825,0.6973926659755619,0.1843611378311414,0.25618749431853854,0.04762042779552165,0.6127353373543811
0.42833865643320157,0.5036310458894292,0.030294805330423266,0.2526802831688118,0.44250751392119575,0.5741900565467208
0.38421558326519695,0.2305333415109159,0.13297794465453172,0.5862931942531879,0.4162922910167777,0.679338426485253
0.2470388269276336,0.32627606880915944,0.12437723382819589,0.34922710321324696,0.20907472623400833,0.7415421681581083
0.027577931345271547,0.13130936341674526,0.1666957315645037,0.196240476223028,0.20837599692770195,0.9062553360401389
0.5703076004290429,0.19974005054442223,0.24838802178508346,0.22693447220625373,0.4872710195797898,0.6260076274445551
0.36290162650219815,0.2486570298882496,0.3937494837855735,0.37809804453775425,0.4316889732915758,0.6803755110278867
0.7393317938122013,0.8063309777567873,0.8661140287370322,0.7144613376303509,0.8380643387571325,0.15445611366628842
0.32062222572817095,0.11052638291679617,0.26548851826278974,0.15485806039170677,0.4298190255465716,0.7624367119409398
0.8012083257685237,0.9200966982871267,0.994976207145684,0.8496995129535474,0.8211667847793562,0.27196500242806143
0.1451965604342744,0.37877523082927994,0.2831375107689471,0.2559864989000728,0.3039964364962431,0.7184006013197416
0.48906939996118465,0.1564416580795025,0.24686040194891656,0.179177600252066,0.09532527510143832,0.7024372044022121
0.5707999278834134,0.4976071242830672,0.2717013111757733,0.10005346613856195,0.06839703480849588,0.5569461702106433
0.1221118822977808,0.38118177834610345,0.5045288355250872,0.07444362393950005,0.31221889049185353,0.7089207067242004
0.31990659288970436,0.39822847964425256,0.08564179058401884,0.5364675960854522,0.27657501028824216,0.6803897217986288
0.2864796801727,0.33443567832181087,0.23018571576526273,0.2954339407107813,0.1354486018501883,0.6799205823968297
0.4254476061773757,0.3599329672916148,0.08038495380048957,0.5360342116908208,0.6112271619800751,0.625437051679726
0.211067729489257,0.18177328481449587,0.1710418470202799,0.36644260548728996,0.4827319290477275,0.7647287571952761
0.41158605271605975,0.4242355224233933,0.08415403760531204,0.0844070500656343,0.09778786665943888,0.6532579170895011
0.8132599609175031,0.8839158078934317,0.757596918596939,0.7237205201361578,0.871502405342844,0.24516199621521867
0.26793124519078654,0.18954997108985655,0.44339841588352047,0.3565912500356996,0.2704500137145812,0.7484970684479295
0.41766802910529877,0.4088323604924827,0.30113465338503936,0.2992532728111595,0.3785224546914559,0.5973501074698738
0.150108946801192,0.20396221715566043,0.0718164943073951,0.2833555722860295,0.4152302185856495,0.8211932363412556
0.47182917581289624,0.283238564079052,0.2039786776851593,0.5247885338010453,0.3833475057344705,0.6300039470747719
0.07693026728396135,0.07162321310221346,0.0595235575954342,0.07013796121729152,0.04162680392576909,0.9284722428717146
0.4678561070838936,0.14958859766033702,0.03864479866578845,0.20747105592705176,0.5074961535447912,0.7114670046920888
0.4688915625596437,0.21999506892068943,0.566804673871649,0.15408549930904608,0.6312223229239141,0.630567218418271
0.8208388215136079,0.8256792863480095,0.8938741141902649,0.7849367745706844,0.9823585832138659,0.04066699262135833
0.264080582240048,0.13822910780237047,0.11711235230221795,0.2537908890743403,0.42392770794912854,0.8022090100947783
0.1839016666596838,0.34280401833498153,0.36446198778454786,0.06447386987645072,0.06393648949003702,0.7557568991209349
0.09284396153557689,0.09797850499599134,0.04546262990702409,0.05979848390611915,0.05834526895331611,0.9079833417172813
0.059614022899604026,0.30649181985940976,0.23052153674391163,0.24693824853971474,0.4019962115645067,0.7806931088754728
0.18162748643710225,0.3641565329071161,0.7215654346901279,0.1773475610207273,0.10931107824668433,0.6854045817831727
0.37457060797482544,0.21643982306283863,0.3385908207908266,0.6667396692471315,0.2891746848557788,0.6897472619357969
0.09534917871122388,0.04305190524239119,0.003550903537172001,0.055039796479490304,0.0037707601737558827,0.9074844539341198
0.21214506472215292,0.2806326562117153,0.2185044307300964,0.46576075396560074,0.5159479045128598,0.7245495368492954
0.2939671196096951,0.28049342301991426,0.2034832922914391,0.34609467157442575,0.4355772941625845,0.7046401436178082
0.27749119186196053,0.38369475755613464,0.34659068355413203,0.19090451188483723,0.05988519769852206,0.6859458456103961
0.08585787626857316,0.3382890881139547,0.17450269960976592,0.19455224604632484,0.4621968139329995,0.7762443619179683
0.23368255004054264,0.2836286062924543,0.3874723072508991,0.15174198658572038,0.3597641917055553,0.7290727075025257
0.33192020930403915,0.08505966372728542,0.28893994909160725,0.10595887196748681,0.23956708037602076,0.7762913700372339
0.4309775708003919,0.3169279253303411,0.02774280091187608,0.6160423891580816,0.44152638705411756,0.6364310431560831
0.5405277045945869,0.056185316668372766,0.09835898454404152,0.6099028135981257,0.3791732959916835,0.719729185841359
0.36248858833460823,0.16141546217341393,0.13814824216079566,0.24892585006947365,0.21306022327505159,0.7674888244068574
0.03054343973064911,0.11111243020990266,0.22133405761252148,0.5228146010708768,0.3361475744065664,0.8833297040854942
0.681042092567164,0.3327764574766153,0.12742907484879865,0.18966133185714582,0.45877657604503663,0.555399986791086
0.37589840268091435,0.20385054187461385,0.11010073765962573,0.05547786607453845,0.17979935660264604,0.7478831359304225
0.21200515932702618,0.3031902379446393,0.39152929603631365,0.5287116627827557,0.17123409060845832,0.7190622127918442
0.09473285636286183,0.048212347718911246,0.05180667150335773,0.03256320234441468,0.002406495260847885,0.9546109714628905
0.34563722106028966,0.17230511964482387,0.23076402130669083,0.238043043703594,0.1917991891406357,0.7625606342969349
0.13651635783174879,0.1249012851764121,0.21435770947832836,0.16001767404103787,0.3333388721494701,0.8678227377288337
0.12164616902923703,0.5796182897964359,0.215302782713902,0.41211005786157506,0.31277202787064035,0.655992825939965
0.26009056477661086,0.1520015685852265,0.552954563205124,0.5121032081134004,0.17050605812633485,0.7565136288521288
0.6852982278784152,0.16423653665801355,0.11476172742769543,0.3355640808616096,0.08590378453212995,0.6230527933254496
0.042923111331364394,0.09525236379636247,0.06373739084269467,0.07637361415607631,0.08413809807098806,0.9991700596776393
0.12586831298425438,0.3186779073551067,0.16444138801801797,0.2460123144725771,0.29072724044513243,0.7742110911219536
0.01366579653308466,0.3394228131277904,0.19878061192308638,0.21819185359107027,0.4869699829089078,0.7995261346834296
0.11703296646827728,0.17415239617965458,0.19905054511141457,0.5273949564634437,0.056763718243354355,0.8400501199660498
0.3327911607805335,0.3370626079074828,0.11729196115654004,0.3759406314890786,0.2372468202650603,0.6848299971295185
0.20757618311556142,0.19946363604471565,0.05992232608928967,0.1954348216844647,0.04461121941467069,0.8273472196215943
0.45945073513635587,0.331790569565679,0.18370643557861077,0.1306542092122178,0.04971771720138636,0.6484172727936793
0.14149213049644796,0.4021653945573848,0.2541842415127608,0.09864480687090772,0.3669352969824574,0.7328496587602185
0.09621793454181689,0.04821036333264626,0.06825230425801708,0.03626905950391423,0.07294578026479444,0.9548255563846176
0.5067721582223921,0.5331834003559931,0.20271097218803238,0.06325280003211403,0.16317170271409015,0.5389914214044591
0.13770392341978277,0.3684025779453813,0.24322687416027036,0.2153281802145626,0.19832343779249892,0.755825450450069
0.179715216973904,0.24799643453050887,0.2110820901305089,0.3284079080370702,0.22589904142792727,0.7807770839030939
0.2464218506051932,0.6670192944789103,0.41177553552707136,0.41979926222240543,0.06614836556633012,0.5641468780608706
0.31662133738986803,0.07550201569666726,0.20824578467769528,0.5712869479050733,0.17472843974226474,0.775357396993812
0.263497431819295,0.15989887852894924,0.34049612086366576,0.11281437580980697,0.16039616128754822,0.7709223677663049
0.7293119893308047,0.8912474003724529,0.8396747456650201,0.8308274210880178,0.9014660984052499,0.2773721710876528
0.13432106246488335,0.3034097554191275,0.2602122233422084,0.22944829959807264,0.3503656753074776,0.7626019474970225
0.2198364844037171,0.02623306146962586,0.4637275968912094,0.2901842560552972,0.345958080367019,0.839344874186972
0.20664981346717362,0.24522309607568796,0.21179626611280525,0.16955513296812058,0.17790780146690582,0.7821265826756675
0.48814650018623307,0.37924047248080256,0.060094140931475755,0.38092741884921616,0.22118964152348863,0.621875029393841
0.5758705082513509,0.2671303785401085,0.2977896926479244,0.10728979772087167,0.18614023980813624,0.6321243314754194
0.04238310899822631,0.08816417341315869,0.06824702467549613,0.054658489984368,0.07942611284016665,0.9384956054935456
0.12310986037732494,0.1823673777249954,0.21902864614522952,0.14339469986668515,0.1663821410301605,0.844595762384846
0.5340564936477953,0.5541385003787545,0.2887601851012054,0.1949985650345077,0.4997653472769421,0.505818388442279
0.30002336426508447,0.2206668812070295,0.4537145941382078,0.10954312580542545,0.2904708408703781,0.7208732527858069
0.20303599789428606,0.40210384820038025,0.14130009143955138,0.14812248442952314,0.16172278193555067,0.7126659751014471
0.2610230477770125,0.18266274769317636,0.24668422399981008,0.7137278531523458,0.35743019027984946,0.7224291688494116
0.34914959384447847,0.6900960285249986,0.3235089329341374,0.2221091665449986,0.5821352274599366,0.5023683159988368
0.544808127323102,0.19347723282851914,0.38702861703359337,0.7182217723722596,0.4509533305035604,0.618383276876379
0.4105295472785979,0.48032221646040574,0.14444465483991037,0.18709376325195048,0.1739628455432521,0.603035955521232
0.026592238491727645,0.2653697818182998,0.2303627402471473,0.06551052511409304,0.21491428763349876,0.8554657779853203
0.8258509326623392,0.8244287945162856,0.804056768690971,0.9364445241833318,0.9948249047152811,0.04651534918511816
0.048186078783462406,0.14285405597487538,0.2302540486319454,0.2509968840516118,0.44847423838948774,0.8657407680807194
0.3619976181916694,0.3841204627235715,0.3108442801080019,0.5038917526547615,0.1931299043556284,0.6406196920427748
0.44452164760997975,0.6304550845201184,0.1168447623767373,0.5653594170684982,0.06422259412037082,0.5368606795100838
0.04258788912916514,0.03628361818896314,0.0657959772519089,0.0327388972958668,0.07426553812889196,0.9450297682118304
0.08841067401107656,0.30961603945855376,0.36454292326551035,0.13232676878237667,0.27026808478887665,0.7775041890088332
0.08320226651775153,0.05799946663830531,0.014687112778948564,0.020821476393740712,0.006963616350543822,0.9609974592516044
0.33683060364941414,0.03635886446926341,0.04939729788052613,0.250863978233764,0.43260028537920103,0.8070268471299371
0.19457492804201545,0.08276845171853779,0.31597972499169563,0.10762349277303547,0.1690128306626395,0.8765545534037422
0.15088005388344686,0.4258036322996074,0.07401871393266522,0.3203423404298973,0.27485965263722467,0.7296978688136099
0.3404639347063897,0.21308584133683706,0.31583966486771037,0.22207680301463706,0.28305479189185656,0.7072386422704192
0.35872160015474136,0.15748862281631293,0.2750869389485715,0.1979619369935673,0.18533463448209264,0.7450430528848683
0.08514646798266187,0.8333727587571063,0.270056554132306,0.5836121001384796,0.5269451050945135,0.5571762052669799
0.88150988149299,0.7647976324443273,0.8764966511199672,0.8184155747653704,0.7099408619248299,0.29305723369005415
0.44797171299013,0.20337017756742282,0.2638635345565209,0.6616475872923736,0.12420136352655965,0.6626265370802132
0.07670930483966332,0.023036281931542214,0.34841856704385193,0.26505436676517563,0.2173017121517367,0.9262678657787599
0.41681985710402475,0.10483513092782487,0.12863587482041566,0.22647657273408248,0.15250918225692725,0.7632447688227569
0.46417205144638596,0.3997747972020967,0.4105868334681941,0.09636456877210778,0.14765700657390912,0.616477820763036
0.8044217426221518,0.9369017151152801,0.7625138231765961,0.8350180423851326,0.9185774644751776,0.1806492347556129
0.639928882421978,0.37979956064730597,0.2921130299875408,0.19667016925479439,0.3413172771928213,0.553731918818223
0.15478843739264395,0.5241097542403395,0.5082030088210382,0.4935318563371495,0.27099842910113814,0.6484681935162847
0.20594769325472548,0.20040416966047744,0.22780676044927828,0.09246602261493489,0.3707390720842874,0.7966300722811346
0.15573245088813878,0.09782803860234104,0.06413981475788143,0.5236311496422991,0.2599224968146429,0.8406967027766195
0.7143540996225122,0.9319433353938025,0.8208070445213225,0.7294534660303511,0.7067543678827576,0.12252312552346929
0.040554937382290025,0.0443796508112435,0.046022564464986954,0.07469295110947567,0.0035378899527998,0.9398526064491105
0.7371856978775145,0.9060808910153971,0.9783194987637924,0.7299009166439716,0.8980511944819145,0.17510870587221888
0.12861869744422982,0.7174534728998461,0.14400779342458955,0.3786390954558618,0.2979159970655224,0.6170680023757182
0.5364299550377335,0.6841255134043264,0.34238668836470215,0.25427857328942644,0.26460328451024795,0.44682723055336754
0.15720208835782998,0.2814819004237564,0.3903889210267636,0.24196336361100734,0.3298249507136217,0.7611130632502878
0.7659183877047637,0.754993222915988,0.8920671767616917,0.9203555969070388,0.8977000967226694,0.15595458639396728
0.03891429203810689,0.1493444574870301,0.16571686063917757,0.4311123986041366,0.20161648025831588,0.8809909899942057
0.03523052080542634,0.009528251258446186,0.05298171889420855,0.0073620559293428485,0.08861327504382611,0.9696072623168006
0.08364830380448468,0.1560806538894896,0.4655794109160413,0.10252575874941042,0.1197808794632693,0.8430071597908734
0.25455112086946324,0.4178036957809525,0.2794879601007713,0.5617887919024132,0.5837098716199614,0.6436842865300342
0.9760994973097505,0.7279632069587907,0.8460094413647343,0.86156775244151,0.9343597291749853,0.031055615421121407
0.18866569044671833,0.1870732874632717,0.41806176502237485,0.44451339435220344,0.6016488609080778,0.749172745014836
0.20766741435570296,0.300817216886066,0.027863608115804763,0.06728276910456905,0.145155238747211,0.7859984627000519
0.10810147948426987,0.2504214620875927,0.5936584739953785,0.18960091414302532,0.30926715715600417,0.7793600046828763
0.5902607848461704,0.18773131659903788,0.14507633499387243,0.0621544674856199,0.1926453109311585,0.6640627046007721
0.5259796292366464,0.15628206505825343,0.4291108176239456,0.24409577721076314,0.13388226978130627,0.6703529372441802
0.41088934497948276,0.38115204841661177,0.5019328924162195,0.3236950993184565,0.23217497819213453,0.606054701410578
0.3922349105705297,0.20305802926027008,0.05972374808710505,0.4443763088595268,0.2803518320174322,0.7127250834398045
0.11129403700392516,0.18828370198868954,0.44077500087196503,0.22470384504158994,0.7274277969036349,0.7712162391152707
0.3473639010928386,0.1922809649989573,0.20297643058908738,0.13596501165548083,0.2951233597585733,0.7369945118061823
0.32958582242614637,0.28041777274694507,0.3147561716155248,0.2720506183115339,0.5368908230888619,0.6828596571515325
0.35988043290814703,0.49066652907194974,0.2622883502969854,0.13206874807625432,0.4251205016818225,0.5994149641667637
0.033883747183487925,0.18586875242054343,0.0644398677471232,0.485733675592498,0.05427101862141288,0.8941833636563963
0.9948692574004037,0.7851339286334902,0.8510053845588819,0.7674932205952296,0.8571380778045486,0.20833054238066115
0.10633735220011342,0.5140219512416863,0.5231710911387026,0.2939878502002104,0.41550109683570935,0.663149518938634
0.15514878502076812,0.2324194681518848,0.26240600488436766,0.5424834924742724,0.6478114359781701,0.7646880592584016
0.19275398322617518,0.15086770962091034,0.03568362490102344,0.3226509881763322,0.5614132063596967,0.8350043186944619
0.2800948577628053,0.2425000579633629,0.229886248920035,0.09504682132022292,0.25467602228367686,0.7476718231089995
0.02742061322902506,0.008200014790957956,0.07194348949688374,0.0836069306293097,0.001979015763345682,0.9153724888235516
0.7588749954354002,0.9198182936265087,0.8877929861356788,0.8509209763800897,0.7382411617439381,0.09976311411156272
0.13641262291991726,0.26131155116635224,0.22096858220578935,0.1549619179474562,0.39312089180841636,0.779916426819434
0.9229183773312692,0.8484600157244444,0.9332820302938811,0.8515872620695953,0.7805862361240595,0.08418585934932066
0.03128340756285265,0.0006853712077723118,0.07369528559551475,0.09005948124055092,0.0700426683644055,0.9919239516229086
0.04735502183409085,0.03902327519923201,0.43264544906071284,0.1858531930149111,0.6040440876743717,0.8956473509682861
0.2953528753343766,0.4451338590052547,0.5439507653721182,0.11391461310199125,0.09306745628224743,0.6455635442091292
0.501248339082625,0.1513574247331893,0.3978936576706285,0.08156153495609814,0.17933028322785566,0.6900224561602307
0.4858502070448036,0.16232155037319132,0.24614080282833692,0.38208181893609156,0.06274467331059982,0.6816658153453847
0.21971353137155483,0.2942560390345112,0.11158225727215776,0.19648170479617943,0.16743198531451128,0.7569717866122189
0.25375045340022895,0.3663024948594578,0.07994358450832469,0.414459324113181,0.35170210660851864,0.7189066449829447
0.3985891943176731,0.6674308920608222,0.35325340880464023,0.10497029760850012,0.20229042083366047,0.5178343678371713
0.3642702929704493,0.12297821597686924,0.2163192122590766,0.3130679881333202,0.29819125513862876,0.7449064844149881
0.3043079001079424,0.3304205956732435,0.4884723048357635,0.3241800659276612,0.03892896903657642,0.6772065240420162
0.18833112950100692,0.40360206942613897,0.3922928041680701,0.058681207668473456,0.14970735202868202,0.7193483959924618
0.4520658278042114,0.23168625451913935,0.15308535721444172,0.22565728020279954,0.08316723109783117,0.6936743996115414
0.1808939135249467,0.5541673014893483,0.5428536077176521,0.2867112714180223,0.08500491990948372,0.6313244868332345
0.023946799740806025,0.08919071760071544,0.03637312434089734,0.07375250979664448,0.07364943863014933,0.918967994945966
0.11152235305439816,0.3365157373652211,0.3423123159654742,0.3683260079104171,0.2877876733030404,0.7530397231366215
0.3755998873241692,0.08921466287216026,0.3652731872900614,0.4207281406223931,0.4119434320510232,0.7458874378232995
0.07702271279245027,0.04533594511519689,0.09580557690460301,0.04642606134245424,0.09377772607243146,0.991702575901739
0.8011960134205547,0.9638717539677724,0.7862042834063869,0.9433450693736716,0.8066780745030226,0.2930828737766687
0.06612283994434204,0.08625176174676946,0.015100013590241101,0.019957925367957777,0.0636764686066574,0.9637239534034243
0.8395855759290177,0.9863814080690054,0.8319117936069966,0.7359455031705507,0.8644167748475594,0.29231072119230855
0.06610947993049625,0.006466370022248447,0.08675755101181715,0.018573847387547773,0.06799476258585463,0.9286041848959048
0.5020573965730817,0.24360635179347317,0.2662971286574255,0.4691395934293889,0.4619205145485832,0.6215670985268579
0.47329916456668497,0.3143175418310727,0.27552151405578734,0.10593296375947128,0.4605911626601526,0.634444201141547
0.07006646670708717,0.09098515894387858,0.07529869996043059,0.037290569368012616,0.07162447305444657,0.9297975807442365
0.7506514854325983,0.8103149560415324,0.7846282612933204,0.8399192329316303,0.9178840804987767,0.0038998577096221896
0.06542494284475447,0.0029850353307798285,0.024631666593428594,0.02598688868593112,0.04931068157017024,0.9898608170049391
0.2609172476263037,0.31283839792126084,0.17184325498326827,0.405604511818463,0.08904532296151654,0.7198611368975698
0.36539673233562386,0.09072331900740355,0.4279971319562846,0.47829537247634757,0.12411236745359208,0.7347057522658564
0.200105295485411,0.27174658510212185,0.13752743291630612,0.17702764461278764,0.1181162630019119,0.7994162252454001
0.2790882966522514,0.45245832527678004,0.21586760690930965,0.13090394071312889,0.3179512600750035,0.6655590248291618
0.5845293062890545,0.3439142782045905,0.42033445222734594,0.3004523286220007,0.14574245455269932,0.5773317786104115
0.21867159288245783,0.17540766417557763,0.27797331248487056,0.3961172672933452,0.06851293148782155,0.7920345241016594
0.2737280175593227,0.6206849372156791,0.1605258667256321,0.08908552136390621,0.29455642382723035,0.6071589059413983
0.23557197297001925,0.40081535489842207,0.038146109236866566,0.145801995945731,0.37753535645089,0.7288613855226748
0.44874729582574296,0.12836461012055375,0.27910887372433274,0.26368822408094805,0.12844617036748351,0.7253655564960512
0.3416095459898453,0.0942934736723874,0.39607139992174917,0.3267209585133124,0.34779329564033346,0.7559237853036437
0.18853630084764772,0.17758692806094226,0.4467310554812136,0.24200073611036957,0.30559121274345763,0.7774452590238113
0.0697274072743297,0.03530683377946363,0.5515097360376033,0.37648340863367985,0.39332409409911595,0.8730591513742808
0.28700376979694314,0.5738321878925388,0.3983345628583761,0.391498410293958,0.5246217916194007,0.5692835209050651
0.4231623401429899,0.25437809668269923,0.48589922435758975,0.5827074439077173,0.07076217505030984,0.6421697256613621
0.25444631134523715,0.10076761951413787,0.11136464099458827,0.269066561428211,0.26282741744140925,0.8417081303892539
0.015074545460948786,0.07879076637444467,0.04190790004220472,0.08329237540989187,0.0007047612501010492,0.9644798770738708
0.0027556414865815395,0.05965263277080432,0.014049207764302553,0.06486495585988158,0.05301250270038174,0.9687658139102967
0.4014667875987283,0.4530750969171134,0.41705394341522567,0.35735212618278034,0.6675313765280949,0.5766079659412559
0.4634281692866867,0.37813731949315993,0.311610667877246,0.2470972756116049,0.11838498247288268,0.6207258717465147
0.05329464507829071,0.3913018872076948,0.16713597913141062,0.3907164676722613,0.2239691027526692,0.7680846706336377
0.2216669158299189,0.2898198737943556,0.12755950204348765,0.24822039980598215,0.13523791330037616,0.7626879060034698
0.22661367700726837,0.34614832211650626,0.13414549060332312,0.09144841897110087,0.1708738358234255,0.7510537852706669
0.2584065917858716,0.22593396740578447,0.3121701789177505,0.2406720890039728,0.4819901051168096,0.7410266713465143
0.13908263683369385,0.4119927400911868,0.3196600318790677,0.45104623545735756,0.23257968389493802,0.7212825034953069
0.3297479813202082,0.4036391370717513,0.504604768559288,0.1508652389598113,0.48659232590580753,0.624245948524719
0.17004366347810917,0.29667512124934164,0.3871204941736355,0.24027516847136238,0.2935148637463313,0.7560917316119096
0.2847728657807562,0.5218719013620511,0.500591290190453,0.1595722811204542,0.10725314036054737,0.6108524641723027
0.8114762067813803,0.7530776842131416,0.9426774700070196,0.8542113699616103,0.9965050671056401,0.14912217765605917
0.11596206812035247,0.11925236182067946,0.31596390606324753,0.41164626273894206,0.711034159865524,0.8287138688518303
0.2073025882078416,0.12298677364398106,0.642954306283718,0.1576173236137763,0.3902029761128923,0.7791086501354404
0.39991775561691667,0.09304764684989654,0.09824365259360089,0.23617422291994392,0.5402490095350256,0.7610379331935136
0.17935977336697176,0.1597010593220635,0.16413267810014037,0.10676685089248424,0.10357203079020788,0.8496887643520212
0.34275347901563313,0.3441643011493747,0.6019016652245651,0.33500280523462916,0.15935877335240223,0.6345989574608087
0.27822147794923524,0.6918342429141433,0.38581573800265395,0.15704583912196482,0.196530617354234,0.5610410903134297
0.05235015124256764,0.2877407941270993,0.5560447141106661,0.3837852503878791,0.044967841003737484,0.8101214160840118
0.0621503949558326,0.31352927220582644,0.18352677204938353,0.6291945852937246,0.09802533641940862,0.7934131369882454
0.11391237660606987,0.3808834221904488,0.09620583182809359,0.2118484487361359,0.5653894504539188,0.7415352807045732
0.10229515449266618,0.35121704819392097,0.20556075078882158,0.030620584012041978,0.435901048367185,0.782933380436667
0.7352244450116939,0.17065507054966808,0.5758189240848588,0.1286311030280663,0.41291248872002506,0.536341286983505
